Time,Temp Avg,Temp Low,Temp High,Hum Avg,Hum Low,Hum High,Baro Avg,Baro Low,Baro High,Windspeed,Gust,Wind Direction
2/11/2018 0:00,2.2,2.2,2.2,76,77,77,28.43,28.43,28.43,1.4,3.7,205
2/11/2018 0:01,2.2,2.2,2.2,77,77,77,28.43,28.43,28.43,4.1,5.5,201
2/11/2018 0:02,2.2,2.2,2.2,76,77,77,28.43,28.43,28.43,2.7,4.2,206
2/11/2018 0:03,2.1,2.1,2.2,77,77,77,28.43,28.43,28.43,1.9,2.6,183
2/11/2018 0:04,2.1,2.1,2.1,77,77,77,28.43,28.43,28.43,2.9,4,185
2/11/2018 0:05,2,2,2.1,77,77,77,28.43,28.43,28.43,2.3,3.2,194
2/11/2018 0:06,2,2,2,76,77,77,28.42,28.43,28.42,2.7,4.9,194
2/11/2018 0:07,1.9,1.8,2,77,77,77,28.42,28.43,28.42,1.7,3,201
2/11/2018 0:08,1.8,1.8,1.8,77,77,77,28.42,28.43,28.42,3,6.5,200
2/11/2018 0:09,1.8,1.8,1.8,77,77,77,28.42,28.42,28.42,3,5.4,187
2/11/2018 0:10,1.7,1.8,1.8,76,77,77,28.42,28.42,28.42,1.5,3.5,195
2/11/2018 0:11,1.7,1.6,1.8,77,77,77,28.42,28.42,28.42,2.1,4.2,215
2/11/2018 0:12,1.6,1.6,1.6,77,77,77,28.42,28.43,28.42,2.1,4.4,205
2/11/2018 0:13,1.6,1.6,1.6,77,77,77,28.42,28.43,28.42,3,5,213
2/11/2018 0:14,1.5,1.5,1.6,77,77,77,28.42,28.42,28.42,3.9,7.7,198
2/11/2018 0:15,1.4,1.3,1.5,76,77,77,28.42,28.42,28.42,1.6,3.5,220
2/11/2018 0:16,1.3,1.3,1.3,77,77,77,28.42,28.42,28.42,1.5,5.4,196
2/11/2018 0:17,1.3,1.3,1.3,76,77,77,28.42,28.42,28.42,2.4,4.7,214
2/11/2018 0:18,1.3,1.3,1.3,77,77,77,28.42,28.42,28.42,2.1,3.2,203
2/11/2018 0:19,1.3,1.3,1.3,77,77,77,28.42,28.42,28.42,1.8,3.7,170
2/11/2018 0:20,1.3,1.3,1.3,77,77,77,28.42,28.42,28.42,3.6,5.5,183
2/11/2018 0:21,1.3,1.3,1.3,77,77,77,28.42,28.42,28.42,2.8,3.7,180
2/11/2018 0:22,1.2,1.1,1.3,77,77,77,28.42,28.42,28.42,3.2,4.4,177
2/11/2018 0:23,1.1,1.1,1.1,77,77,77,28.41,28.42,28.41,3,4.4,166
2/11/2018 0:24,1.1,1.1,1.1,76,77,77,28.42,28.42,28.41,3.9,7.2,171
2/11/2018 0:25,1.1,1.1,1.1,76,77,77,28.41,28.42,28.41,3.6,4.9,166
2/11/2018 0:26,1.1,1.1,1.1,76,77,77,28.41,28.41,28.41,1.7,3.2,179
2/11/2018 0:27,1.1,1.1,1.1,77,77,78,28.41,28.42,28.41,0.7,2.1,165
2/11/2018 0:28,1,1,1.1,77,78,78,28.42,28.42,28.42,2.4,4.7,201
2/11/2018 0:29,1,1,1,77,78,78,28.41,28.42,28.41,2.9,4.9,202
2/11/2018 0:30,0.9,0.9,1,78,78,78,28.41,28.41,28.41,3,4.4,213
2/11/2018 0:31,0.8,0.8,0.9,78,78,78,28.41,28.41,28.41,3,5,204
2/11/2018 0:32,0.8,0.8,0.8,78,78,78,28.41,28.41,28.41,0.8,1.8,198
2/11/2018 0:33,0.8,0.8,0.8,78,78,78,28.41,28.41,28.41,1.3,2.2,209
2/11/2018 0:34,0.7,0.6,0.8,78,78,78,28.41,28.41,28.41,2.2,5,201
2/11/2018 0:35,0.6,0.6,0.6,78,78,78,28.41,28.41,28.41,3.6,6.2,160
2/11/2018 0:36,0.6,0.5,0.6,77,78,78,28.41,28.41,28.41,3.6,4.9,177
2/11/2018 0:37,0.5,0.5,0.5,77,78,78,28.41,28.41,28.41,3,4.9,167
2/11/2018 0:38,0.5,0.5,0.5,78,78,78,28.41,28.41,28.41,3.4,5.7,168
2/11/2018 0:39,0.5,0.5,0.5,78,78,78,28.41,28.41,28.41,2.7,3.7,163
2/11/2018 0:40,0.5,0.5,0.5,77,78,78,28.41,28.42,28.41,2.7,4,175
2/11/2018 0:41,0.5,0.5,0.5,78,78,78,28.41,28.42,28.41,1.4,2.2,202
2/11/2018 0:42,0.5,0.5,0.5,78,78,78,28.41,28.41,28.41,0.2,1.3,202
2/11/2018 0:43,0.4,0.4,0.5,77,78,78,28.41,28.41,28.41,1.5,3,193
2/11/2018 0:44,0.4,0.4,0.4,77,78,78,28.42,28.42,28.41,2.3,4.9,185
2/11/2018 0:45,0.3,0.2,0.4,78,78,78,28.42,28.42,28.42,0.8,2.7,202
2/11/2018 0:46,0.2,0.2,0.2,78,78,78,28.42,28.42,28.42,1.8,2.7,202
2/11/2018 0:47,0.2,0.2,0.2,78,78,78,28.42,28.42,28.42,0.8,1.6,202
2/11/2018 0:48,0.2,0.2,0.2,78,78,78,28.41,28.42,28.41,1.7,3,202
2/11/2018 0:49,0.2,0.2,0.2,78,78,78,28.42,28.42,28.41,0,1.1,202
2/11/2018 0:50,0.1,0.1,0.2,78,78,79,28.41,28.42,28.41,1.6,3.5,202
2/11/2018 0:51,0,0,0.1,79,79,79,28.41,28.41,28.41,2,3.7,197
2/11/2018 0:52,0,0,0,78,79,79,28.41,28.41,28.41,1.5,2.6,180
2/11/2018 0:53,0,0,0,78,79,79,28.41,28.41,28.41,0.4,2.2,180
2/11/2018 0:54,0,0,0,78,79,79,28.41,28.41,28.41,1.7,2.6,180
2/11/2018 0:55,0,0,0,79,79,79,28.41,28.41,28.41,0.9,2.7,180
2/11/2018 0:56,0,-0.1,0,79,79,79,28.41,28.41,28.41,1.4,3.2,180
2/11/2018 0:57,-0.1,-0.1,-0.1,79,79,79,28.41,28.41,28.41,2.1,3.2,180
2/11/2018 0:58,-0.1,-0.2,-0.1,79,79,79,28.41,28.41,28.41,2.8,4.4,181
2/11/2018 0:59,-0.2,-0.2,-0.2,78,79,79,28.41,28.41,28.41,3.2,4,180
2/11/2018 1:00,-0.2,-0.2,-0.2,79,79,79,28.41,28.41,28.41,2.7,4,180
2/11/2018 1:01,-0.2,-0.2,-0.2,79,79,79,28.41,28.41,28.41,2.4,3.7,180
2/11/2018 1:02,-0.2,-0.2,-0.2,79,79,79,28.4,28.41,28.4,2.7,4.2,165
2/11/2018 1:03,-0.2,-0.2,-0.2,79,79,79,28.41,28.41,28.4,2.2,2.7,157
2/11/2018 1:04,-0.2,-0.2,-0.2,79,79,79,28.41,28.41,28.41,2.7,3.2,166
2/11/2018 1:05,-0.2,-0.2,-0.2,79,79,79,28.4,28.41,28.4,2.5,3.2,180
2/11/2018 1:06,-0.2,-0.2,-0.2,78,79,79,28.41,28.41,28.4,2.1,3.7,163
2/11/2018 1:07,-0.2,-0.2,-0.2,79,79,80,28.41,28.41,28.41,2.6,3.7,180
2/11/2018 1:08,-0.2,-0.2,-0.2,79,80,80,28.4,28.41,28.4,2.8,3.5,180
2/11/2018 1:09,-0.2,-0.2,-0.2,80,80,80,28.4,28.4,28.4,2.8,4,175
2/11/2018 1:10,-0.2,-0.2,-0.2,80,80,80,28.4,28.4,28.4,3.2,4.4,177
2/11/2018 1:11,-0.2,-0.2,-0.2,80,80,80,28.41,28.41,28.4,2.5,3.2,177
2/11/2018 1:12,-0.2,-0.2,-0.2,79,80,80,28.4,28.41,28.4,2.9,3.7,157
2/11/2018 1:13,-0.3,-0.4,-0.2,80,80,80,28.4,28.4,28.4,3.4,4.4,173
2/11/2018 1:14,-0.3,-0.4,-0.2,80,80,80,28.4,28.4,28.4,3.6,4.7,165
2/11/2018 1:15,-0.2,-0.2,-0.2,80,80,80,28.4,28.4,28.4,3.7,5.5,164
2/11/2018 1:16,-0.2,-0.2,-0.2,80,80,80,28.4,28.4,28.4,4,5.5,160
2/11/2018 1:17,-0.2,-0.2,-0.2,80,80,80,28.4,28.4,28.4,4,5.4,168
2/11/2018 1:18,-0.2,-0.2,-0.2,80,80,80,28.4,28.4,28.4,3.3,4.9,180
2/11/2018 1:19,-0.2,-0.2,-0.2,80,80,80,28.4,28.4,28.4,3.7,5.5,172
2/11/2018 1:20,-0.2,-0.2,-0.2,79,80,80,28.39,28.4,28.4,3.3,4.9,172
2/11/2018 1:21,-0.2,-0.2,-0.2,80,80,80,28.4,28.4,28.4,2.7,4.9,178
2/11/2018 1:22,-0.2,-0.2,-0.2,80,80,80,28.4,28.4,28.4,2.3,3.2,180
2/11/2018 1:23,-0.2,-0.2,-0.2,80,80,80,28.39,28.4,28.4,2,2.7,180
2/11/2018 1:24,-0.2,-0.2,-0.2,80,80,80,28.4,28.4,28.4,2,2.7,180
2/11/2018 1:25,-0.3,-0.4,-0.2,80,80,80,28.39,28.4,28.39,2.9,4,175
2/11/2018 1:26,-0.4,-0.4,-0.4,80,80,80,28.39,28.39,28.39,3.3,4,157
2/11/2018 1:27,-0.4,-0.5,-0.4,79,80,80,28.39,28.39,28.39,4.2,5.5,157
2/11/2018 1:28,-0.5,-0.5,-0.5,80,80,80,28.39,28.39,28.39,4.8,6.5,159
2/11/2018 1:29,-0.5,-0.5,-0.5,79,80,80,28.39,28.39,28.39,4.7,6,163
2/11/2018 1:30,-0.5,-0.5,-0.5,80,80,80,28.39,28.4,28.39,4.2,5.5,161
2/11/2018 1:31,-0.5,-0.5,-0.5,79,80,80,28.39,28.4,28.4,3.5,5,166
2/11/2018 1:32,-0.5,-0.5,-0.5,80,80,80,28.39,28.4,28.4,3.7,4.7,164
2/11/2018 1:33,-0.5,-0.5,-0.5,80,80,80,28.39,28.4,28.39,4.7,6,158
2/11/2018 1:34,-0.5,-0.5,-0.5,79,80,80,28.39,28.4,28.39,4,6,169
2/11/2018 1:35,-0.5,-0.5,-0.5,79,80,80,28.39,28.4,28.4,3.7,4.9,157
2/11/2018 1:36,-0.5,-0.5,-0.5,79,80,80,28.39,28.4,28.39,4.3,5.4,161
2/11/2018 1:37,-0.6,-0.6,-0.5,79,80,80,28.39,28.39,28.39,3.4,4.2,175
2/11/2018 1:38,-0.6,-0.6,-0.6,79,80,80,28.39,28.4,28.39,4.3,5.7,164
2/11/2018 1:39,-0.7,-0.8,-0.6,80,80,80,28.39,28.4,28.39,3.6,5.5,167
2/11/2018 1:40,-0.8,-0.8,-0.8,79,80,80,28.4,28.4,28.39,3.1,4.2,157
2/11/2018 1:41,-0.8,-0.8,-0.8,80,80,80,28.39,28.4,28.39,3.4,4.4,165
2/11/2018 1:42,-0.8,-0.9,-0.8,80,80,80,28.39,28.39,28.39,3.2,4,165
2/11/2018 1:43,-0.8,-0.9,-0.9,79,80,80,28.39,28.39,28.39,3.1,4,169
2/11/2018 1:44,-0.9,-1,-0.9,79,80,80,28.39,28.39,28.39,2.5,3.5,177
2/11/2018 1:45,-1,-1.1,-1,80,80,80,28.39,28.39,28.39,2.4,3,164
2/11/2018 1:46,-1.1,-1.1,-1.1,80,80,80,28.39,28.39,28.39,2.5,3.5,180
2/11/2018 1:47,-1.1,-1.1,-1.1,80,80,80,28.39,28.39,28.39,2.5,3.2,178
2/11/2018 1:48,-1.1,-1.1,-1.1,79,80,80,28.39,28.39,28.39,3.4,4.4,160
2/11/2018 1:49,-1.1,-1.1,-1.1,79,80,80,28.39,28.39,28.39,3.2,4.2,159
2/11/2018 1:50,-1.1,-1.1,-1.1,80,80,80,28.39,28.39,28.39,2.6,3.2,147
2/11/2018 1:51,-1.1,-1.1,-1.1,80,80,80,28.39,28.39,28.39,2.7,3.2,180
2/11/2018 1:52,-1.1,-1.1,-1.1,80,80,80,28.39,28.39,28.39,2.4,3.5,167
2/11/2018 1:53,-1.1,-1.1,-1.1,80,80,80,28.38,28.39,28.38,2.8,3.7,167
2/11/2018 1:54,-1.1,-1.1,-1.1,80,80,81,28.38,28.38,28.38,3.6,5.4,168
2/11/2018 1:55,-1.1,-1.1,-1.1,80,81,81,28.38,28.38,28.38,2.7,3.2,157
2/11/2018 1:56,-1.1,-1.1,-1.1,80,81,81,28.39,28.39,28.38,2.7,3.5,157
2/11/2018 1:57,-1.1,-1.1,-1.1,80,81,81,28.38,28.39,28.38,2.8,3.5,157
2/11/2018 1:58,-1.1,-1.1,-1.1,80,81,81,28.38,28.38,28.38,3.4,4,157
2/11/2018 1:59,-1.1,-1.1,-1.1,80,81,81,28.38,28.38,28.38,3.7,4.9,157
2/11/2018 2:00,-1.1,-1.1,-1.1,80,81,81,28.38,28.38,28.38,4,5.4,159
2/11/2018 2:01,-1.2,-1.3,-1.1,81,81,81,28.38,28.38,28.38,4,4.9,157
2/11/2018 2:02,-1.3,-1.3,-1.3,80,81,81,28.38,28.38,28.38,4.1,5.4,156
2/11/2018 2:03,-1.3,-1.3,-1.3,81,81,81,28.38,28.38,28.38,4.5,5.5,157
2/11/2018 2:04,-1.3,-1.3,-1.3,81,81,81,28.38,28.38,28.38,4.2,5,157
2/11/2018 2:05,-1.3,-1.3,-1.3,80,81,81,28.38,28.38,28.38,3.4,4.2,159
2/11/2018 2:06,-1.3,-1.3,-1.3,80,81,81,28.38,28.38,28.38,3,3.5,162
2/11/2018 2:07,-1.3,-1.3,-1.3,81,81,81,28.38,28.38,28.38,2.6,4,176
2/11/2018 2:08,-1.4,-1.5,-1.3,80,81,81,28.38,28.38,28.38,2.2,3.2,171
2/11/2018 2:09,-1.5,-1.5,-1.5,80,81,81,28.38,28.38,28.38,2.3,3.2,175
2/11/2018 2:10,-1.5,-1.5,-1.5,81,81,81,28.38,28.38,28.38,2.9,4.2,157
2/11/2018 2:11,-1.5,-1.5,-1.5,81,81,81,28.38,28.38,28.38,3.5,4.7,154
2/11/2018 2:12,-1.5,-1.5,-1.5,81,81,81,28.38,28.38,28.38,3.5,4.2,152
2/11/2018 2:13,-1.5,-1.6,-1.5,81,81,81,28.38,28.38,28.38,3.7,4.7,160
2/11/2018 2:14,-1.6,-1.6,-1.6,80,81,81,28.38,28.38,28.38,3.6,4.7,157
2/11/2018 2:15,-1.6,-1.6,-1.6,81,81,81,28.38,28.38,28.38,4.2,5.7,156
2/11/2018 2:16,-1.6,-1.6,-1.6,81,81,81,28.38,28.38,28.38,4.4,5.4,154
2/11/2018 2:17,-1.6,-1.6,-1.6,81,81,81,28.38,28.38,28.38,3.9,4.7,157
2/11/2018 2:18,-1.6,-1.6,-1.6,80,81,81,28.38,28.38,28.38,3.4,4.4,157
2/11/2018 2:19,-1.6,-1.6,-1.6,80,81,81,28.38,28.38,28.38,3.5,4.4,157
2/11/2018 2:20,-1.6,-1.6,-1.6,81,81,81,28.38,28.38,28.38,3.6,4.7,159
2/11/2018 2:21,-1.6,-1.6,-1.6,81,81,81,28.38,28.38,28.38,3.4,4.7,167
2/11/2018 2:22,-1.6,-1.6,-1.6,80,81,81,28.38,28.38,28.38,2.8,4.2,165
2/11/2018 2:23,-1.6,-1.6,-1.6,80,81,81,28.38,28.38,28.38,2.5,3.5,186
2/11/2018 2:24,-1.6,-1.6,-1.6,80,81,81,28.38,28.38,28.38,2.3,3,158
2/11/2018 2:25,-1.6,-1.6,-1.6,81,81,81,28.38,28.38,28.38,3.2,5.7,163
2/11/2018 2:26,-1.6,-1.6,-1.6,81,81,81,28.38,28.38,28.38,4.1,5.7,158
2/11/2018 2:27,-1.6,-1.6,-1.6,80,81,81,28.38,28.38,28.38,4.3,6.5,158
2/11/2018 2:28,-1.6,-1.6,-1.6,81,81,81,28.38,28.38,28.38,3.6,5,164
2/11/2018 2:29,-1.6,-1.6,-1.6,81,81,81,28.38,28.38,28.38,4.4,5.7,169
2/11/2018 2:30,-1.6,-1.6,-1.6,81,81,81,28.38,28.38,28.38,3.6,5.4,159
2/11/2018 2:31,-1.6,-1.6,-1.6,80,81,81,28.38,28.38,28.38,2.5,4,158
2/11/2018 2:32,-1.7,-1.8,-1.6,81,81,81,28.38,28.38,28.38,2.7,3.7,180
2/11/2018 2:33,-1.7,-1.8,-1.6,80,81,81,28.38,28.38,28.38,3.1,4.4,166
2/11/2018 2:34,-1.7,-1.8,-1.6,81,81,81,28.38,28.38,28.38,3.6,5.4,164
2/11/2018 2:35,-1.8,-1.8,-1.8,81,81,81,28.38,28.38,28.38,3.1,4.2,176
2/11/2018 2:36,-1.7,-1.8,-1.8,80,81,81,28.38,28.38,28.38,2.8,4,157
2/11/2018 2:37,-1.8,-1.8,-1.8,81,81,81,28.38,28.38,28.38,2.8,4,163
2/11/2018 2:38,-1.8,-1.8,-1.8,81,81,81,28.38,28.38,28.38,3.7,4.4,166
2/11/2018 2:39,-1.9,-2,-1.8,81,81,81,28.38,28.38,28.38,4.2,5.5,162
2/11/2018 2:40,-2,-2,-2,81,81,81,28.38,28.38,28.38,4.6,5.5,157
2/11/2018 2:41,-2,-2,-2,81,81,81,28.38,28.38,28.38,4.3,5.4,165
2/11/2018 2:42,-2,-2,-2,81,81,81,28.38,28.38,28.38,4.3,6.7,173
2/11/2018 2:43,-2,-2.1,-2,81,81,82,28.37,28.38,28.37,3.9,5.7,157
2/11/2018 2:44,-2.1,-2.1,-2.1,82,82,82,28.37,28.38,28.37,3.9,4.9,152
2/11/2018 2:45,-2.1,-2.1,-2.1,81,82,82,28.38,28.38,28.38,3.7,4.9,157
2/11/2018 2:46,-2.1,-2.1,-2.1,81,82,82,28.37,28.38,28.37,4.3,5.5,158
2/11/2018 2:47,-2.1,-2.2,-2.1,82,82,82,28.37,28.38,28.37,4.7,5.5,157
2/11/2018 2:48,-2.2,-2.2,-2.2,81,82,82,28.37,28.38,28.37,4.8,6.2,159
2/11/2018 2:49,-2.2,-2.2,-2.2,82,82,82,28.37,28.37,28.37,4.6,5.4,157
2/11/2018 2:50,-2.2,-2.2,-2.2,82,82,82,28.37,28.37,28.37,4.7,6,164
2/11/2018 2:51,-2.2,-2.2,-2.2,82,82,82,28.37,28.37,28.37,3.2,4.4,163
2/11/2018 2:52,-2.2,-2.2,-2.2,81,82,82,28.37,28.37,28.37,1.3,2.7,180
2/11/2018 2:53,-2.2,-2.2,-2.2,81,82,82,28.37,28.37,28.37,0.6,3.7,183
2/11/2018 2:54,-2.3,-2.3,-2.2,81,82,82,28.37,28.37,28.37,2,4,202
2/11/2018 2:55,-2.3,-2.3,-2.3,82,82,82,28.37,28.37,28.37,2.6,4,190
2/11/2018 2:56,-2.4,-2.5,-2.3,81,82,82,28.37,28.37,28.37,2.1,2.7,174
2/11/2018 2:57,-2.5,-2.5,-2.5,82,82,82,28.37,28.37,28.37,2.6,4.7,186
2/11/2018 2:58,-2.5,-2.6,-2.5,81,82,82,28.37,28.37,28.37,3,4.2,176
2/11/2018 2:59,-2.6,-2.6,-2.6,82,82,82,28.37,28.37,28.37,4,5.4,155
2/11/2018 3:00,-2.6,-2.7,-2.6,81,82,82,28.37,28.37,28.37,4.4,5.5,157
2/11/2018 3:01,-2.7,-2.7,-2.7,82,82,82,28.37,28.37,28.37,4,5,169
2/11/2018 3:02,-2.7,-2.7,-2.7,81,82,82,28.37,28.37,28.37,3.2,4.7,177
2/11/2018 3:03,-2.8,-2.8,-2.7,82,82,82,28.37,28.37,28.37,3.5,4.9,157
2/11/2018 3:04,-2.8,-2.8,-2.8,81,82,82,28.37,28.37,28.37,4.1,5.4,165
2/11/2018 3:05,-2.8,-2.8,-2.8,82,82,82,28.37,28.37,28.37,3.5,4.9,166
2/11/2018 3:06,-2.9,-3,-2.8,82,82,82,28.37,28.37,28.37,2.9,4.2,171
2/11/2018 3:07,-2.9,-3,-2.8,81,82,82,28.37,28.37,28.37,3.4,4.7,175
2/11/2018 3:08,-2.9,-3,-2.8,82,82,82,28.37,28.37,28.37,3,4.2,163
2/11/2018 3:09,-3,-3,-3,82,82,82,28.37,28.37,28.37,2,2.7,168
2/11/2018 3:10,-3,-3,-3,81,82,82,28.37,28.37,28.37,2.3,4.2,169
2/11/2018 3:11,-3,-3,-3,82,82,82,28.37,28.37,28.37,3,4.2,163
2/11/2018 3:12,-3,-3.1,-3,81,82,82,28.37,28.37,28.37,3.3,4.2,135
2/11/2018 3:13,-3.1,-3.1,-3.1,81,82,82,28.36,28.37,28.36,2.8,3.7,135
2/11/2018 3:14,-3.1,-3.1,-3.1,82,82,82,28.37,28.37,28.36,2.8,3.5,137
2/11/2018 3:15,-3.1,-3.1,-3.1,81,82,82,28.37,28.37,28.37,3.3,4.2,163
2/11/2018 3:16,-3.1,-3.2,-3.1,81,82,82,28.37,28.37,28.37,3.2,4.2,161
2/11/2018 3:17,-3.2,-3.2,-3.2,82,82,82,28.37,28.37,28.37,3.4,4.2,166
2/11/2018 3:18,-3.2,-3.2,-3.2,82,82,82,28.37,28.37,28.37,2.1,2.7,163
2/11/2018 3:19,-3.2,-3.2,-3.2,81,82,82,28.37,28.37,28.37,2,2.7,157
2/11/2018 3:20,-3.2,-3.2,-3.2,82,82,82,28.37,28.37,28.37,1.5,2.6,157
2/11/2018 3:21,-3.2,-3.2,-3.2,81,82,82,28.37,28.37,28.37,1.6,2.1,157
2/11/2018 3:22,-3.2,-3.2,-3.2,82,82,82,28.37,28.37,28.37,2.6,3.5,178
2/11/2018 3:23,-3.2,-3.2,-3.2,82,82,82,28.37,28.37,28.37,2.2,3,177
2/11/2018 3:24,-3.2,-3.2,-3.2,82,82,82,28.37,28.37,28.37,1.7,3,157
2/11/2018 3:25,-3.2,-3.2,-3.2,82,82,83,28.37,28.37,28.37,2.2,3,179
2/11/2018 3:26,-3.2,-3.2,-3.2,83,83,83,28.37,28.37,28.37,1.8,3,180
2/11/2018 3:27,-3.2,-3.2,-3.2,83,83,83,28.36,28.37,28.36,2,3,180
2/11/2018 3:28,-3.2,-3.2,-3.2,83,83,83,28.37,28.37,28.36,2.3,3.5,190
2/11/2018 3:29,-3.2,-3.2,-3.2,83,83,83,28.36,28.37,28.36,2.2,3.2,180
2/11/2018 3:30,-3.2,-3.2,-3.2,82,83,83,28.37,28.37,28.36,1.2,2.1,180
2/11/2018 3:31,-3.2,-3.2,-3.2,82,83,83,28.37,28.37,28.37,1.6,3.2,201
2/11/2018 3:32,-3.2,-3.2,-3.2,82,83,83,28.37,28.37,28.37,1.6,3,202
2/11/2018 3:33,-3.2,-3.2,-3.2,83,83,83,28.37,28.37,28.37,1.5,3.2,218
2/11/2018 3:34,-3.2,-3.2,-3.2,83,83,83,28.37,28.37,28.37,1.6,4.4,200
2/11/2018 3:35,-3.2,-3.2,-3.2,83,83,83,28.36,28.37,28.36,3,4.2,181
2/11/2018 3:36,-3.2,-3.2,-3.2,83,83,83,28.37,28.37,28.36,2.8,4,178
2/11/2018 3:37,-3.2,-3.2,-3.2,83,83,83,28.37,28.37,28.37,2.9,4,173
2/11/2018 3:38,-3.2,-3.2,-3.2,83,83,83,28.37,28.37,28.37,2.8,4.4,182
2/11/2018 3:39,-3.2,-3.2,-3.2,82,83,83,28.37,28.37,28.37,2.7,4.9,191
2/11/2018 3:40,-3.2,-3.2,-3.2,83,83,83,28.37,28.37,28.37,3.3,4.9,176
2/11/2018 3:41,-3.2,-3.2,-3.2,82,83,83,28.36,28.37,28.36,3.3,5.4,186
2/11/2018 3:42,-3.2,-3.2,-3.2,83,83,83,28.36,28.36,28.36,3.4,4.9,186
2/11/2018 3:43,-3.2,-3.2,-3.2,83,83,83,28.37,28.37,28.36,3.4,4.7,184
2/11/2018 3:44,-3.2,-3.2,-3.2,83,83,83,28.36,28.37,28.36,3.3,4.9,191
2/11/2018 3:45,-3.2,-3.2,-3.2,83,83,83,28.36,28.36,28.36,2.6,5.4,171
2/11/2018 3:46,-3.2,-3.2,-3.2,83,83,83,28.36,28.36,28.36,3,4.7,187
2/11/2018 3:47,-3.2,-3.2,-3.2,83,83,83,28.36,28.36,28.36,3.6,5.5,171
2/11/2018 3:48,-3.2,-3.2,-3.2,82,83,83,28.36,28.36,28.36,3.9,5.5,176
2/11/2018 3:49,-3.2,-3.2,-3.2,83,83,83,28.36,28.36,28.36,3.5,4.7,181
2/11/2018 3:50,-3.2,-3.2,-3.2,83,83,83,28.36,28.36,28.36,2.7,4.7,191
2/11/2018 3:51,-3.2,-3.2,-3.2,83,83,83,28.36,28.36,28.36,2.5,4.7,196
2/11/2018 3:52,-3.2,-3.2,-3.2,82,83,83,28.36,28.36,28.36,2.7,3.7,188
2/11/2018 3:53,-3.1,-3.2,-3.1,83,83,83,28.36,28.36,28.36,2,7,179
2/11/2018 3:54,-3.1,-3.1,-3.1,83,83,83,28.36,28.36,28.36,2.6,5.4,195
2/11/2018 3:55,-3.1,-3.1,-3.1,83,83,83,28.36,28.36,28.36,2.3,4.4,209
2/11/2018 3:56,-3,-3.1,-3,82,83,83,28.36,28.36,28.36,2.1,3.7,198
2/11/2018 3:57,-3,-3,-3,83,83,83,28.36,28.36,28.36,3,5.4,180
2/11/2018 3:58,-3,-3,-3,83,83,83,28.35,28.36,28.35,2.5,5.7,182
2/11/2018 3:59,-3,-3,-3,83,83,83,28.35,28.35,28.35,3.7,6.2,178
2/11/2018 4:00,-3,-3,-3,82,83,83,28.35,28.35,28.35,3.2,4,175
2/11/2018 4:01,-2.9,-3,-2.8,83,83,83,28.35,28.35,28.35,3,4.4,164
2/11/2018 4:02,-2.8,-2.8,-2.8,83,83,83,28.35,28.35,28.35,3.8,6,166
2/11/2018 4:03,-2.8,-2.8,-2.8,83,83,83,28.35,28.35,28.35,2.5,3.7,161
2/11/2018 4:04,-2.8,-2.8,-2.8,82,83,83,28.35,28.35,28.35,3,4.9,165
2/11/2018 4:05,-2.8,-2.8,-2.7,83,83,83,28.35,28.35,28.35,3.2,4.7,176
2/11/2018 4:06,-2.7,-2.7,-2.7,83,83,83,28.35,28.35,28.35,3.5,4.9,186
2/11/2018 4:07,-2.7,-2.7,-2.7,83,83,83,28.35,28.35,28.35,3.8,5.5,154
2/11/2018 4:08,-2.7,-2.7,-2.7,83,83,83,28.35,28.35,28.35,3.2,4,163
2/11/2018 4:09,-2.7,-2.7,-2.7,83,83,83,28.35,28.35,28.35,4,4.9,156
2/11/2018 4:10,-2.6,-2.7,-2.6,82,83,83,28.35,28.35,28.35,4.2,6,177
2/11/2018 4:11,-2.6,-2.6,-2.6,82,83,83,28.35,28.35,28.35,3.7,5.5,179
2/11/2018 4:12,-2.5,-2.6,-2.5,82,83,83,28.35,28.35,28.35,4.3,5.4,159
2/11/2018 4:13,-2.4,-2.5,-2.3,83,83,83,28.35,28.35,28.35,4,5,167
2/11/2018 4:14,-2.3,-2.3,-2.2,83,83,83,28.35,28.35,28.35,2.7,4.2,158
2/11/2018 4:15,-2.2,-2.2,-2.2,82,83,83,28.35,28.35,28.35,3.9,5.4,171
2/11/2018 4:16,-2.2,-2.2,-2.2,82,83,83,28.35,28.35,28.35,2.2,3.2,141
2/11/2018 4:17,-2.2,-2.2,-2.2,82,83,83,28.35,28.35,28.35,1.9,3.2,185
2/11/2018 4:18,-2.2,-2.2,-2.2,83,83,83,28.35,28.35,28.35,1.9,2.2,197
2/11/2018 4:19,-2.2,-2.2,-2.2,83,83,83,28.35,28.35,28.35,3.2,4,186
2/11/2018 4:20,-2.1,-2.2,-2.1,83,83,83,28.35,28.35,28.35,1.9,3.7,209
2/11/2018 4:21,-2.1,-2.1,-2.1,83,83,83,28.35,28.35,28.35,2.6,3.7,211
2/11/2018 4:22,-2.1,-2.1,-2.1,82,83,83,28.35,28.35,28.35,2.5,4.2,192
2/11/2018 4:23,-2.1,-2.1,-2.1,83,83,83,28.35,28.35,28.35,3.1,5,220
2/11/2018 4:24,-2,-2.1,-2,83,83,83,28.35,28.35,28.35,3.4,4.9,229
2/11/2018 4:25,-2,-2,-2,82,82,83,28.35,28.35,28.35,3.4,6.5,227
2/11/2018 4:26,-1.9,-2,-1.8,82,82,82,28.35,28.35,28.35,5,6.5,220
2/11/2018 4:27,-1.8,-1.8,-1.8,82,82,82,28.35,28.35,28.35,3.7,5,223
2/11/2018 4:28,-1.8,-1.8,-1.8,82,82,82,28.35,28.35,28.35,5,6.7,209
2/11/2018 4:29,-1.8,-1.8,-1.8,82,82,82,28.35,28.35,28.35,3.4,4.4,201
2/11/2018 4:30,-1.7,-1.8,-1.8,81,82,82,28.35,28.35,28.35,3,5,204
2/11/2018 4:31,-1.7,-1.8,-1.6,82,82,82,28.35,28.35,28.35,3.7,5.4,217
2/11/2018 4:32,-1.6,-1.6,-1.6,82,82,82,28.35,28.35,28.35,2.8,4.9,206
2/11/2018 4:33,-1.5,-1.6,-1.5,82,82,82,28.35,28.35,28.35,2.4,4.2,222
2/11/2018 4:34,-1.5,-1.5,-1.5,82,82,82,28.35,28.35,28.35,3.7,6.2,213
2/11/2018 4:35,-1.4,-1.5,-1.3,82,82,82,28.35,28.35,28.35,3.8,5.7,209
2/11/2018 4:36,-1.3,-1.3,-1.3,82,82,82,28.35,28.35,28.35,2.9,4.2,196
2/11/2018 4:37,-1.3,-1.3,-1.3,82,82,82,28.35,28.35,28.35,4,5.5,215
2/11/2018 4:38,-1.2,-1.3,-1.1,82,82,82,28.35,28.35,28.35,4.4,6,224
2/11/2018 4:39,-1.1,-1.1,-1.1,81,82,82,28.35,28.35,28.35,3,6,213
2/11/2018 4:40,-1.1,-1.1,-1.1,82,82,82,28.35,28.35,28.35,3.6,5.4,230
2/11/2018 4:41,-1,-1.1,-1,81,82,82,28.35,28.35,28.35,3.3,4.4,225
2/11/2018 4:42,-0.9,-1,-0.9,81,82,82,28.35,28.35,28.35,3.6,5.7,219
2/11/2018 4:43,-0.8,-0.9,-0.8,81,82,82,28.35,28.35,28.35,3.7,5.7,227
2/11/2018 4:44,-0.8,-0.8,-0.8,82,82,82,28.35,28.35,28.35,5.5,7.9,211
2/11/2018 4:45,-0.6,-0.8,-0.5,82,82,82,28.35,28.35,28.35,2.9,7.2,230
2/11/2018 4:46,-0.5,-0.5,-0.5,82,82,82,28.35,28.35,28.35,3.4,6.7,224
2/11/2018 4:47,-0.5,-0.5,-0.5,81,82,82,28.35,28.35,28.35,3.9,5.5,237
2/11/2018 4:48,-0.5,-0.5,-0.5,82,82,82,28.35,28.35,28.35,4.4,7.5,225
2/11/2018 4:49,-0.4,-0.5,-0.4,81,81,82,28.35,28.35,28.35,5.4,7.5,239
2/11/2018 4:50,-0.4,-0.4,-0.4,80,81,81,28.35,28.35,28.35,3.5,5.5,218
2/11/2018 4:51,-0.4,-0.4,-0.4,81,81,81,28.35,28.35,28.35,4.2,7.9,218
2/11/2018 4:52,-0.3,-0.4,-0.2,81,81,81,28.35,28.35,28.35,6,9.5,222
2/11/2018 4:53,-0.2,-0.2,-0.2,81,81,81,28.35,28.35,28.35,5.6,8.9,221
2/11/2018 4:54,-0.2,-0.2,-0.2,81,81,81,28.35,28.35,28.35,5.1,7.2,222
2/11/2018 4:55,-0.2,-0.2,-0.2,81,81,81,28.35,28.35,28.35,4.4,7,214
2/11/2018 4:56,-0.2,-0.2,-0.2,81,81,81,28.35,28.35,28.35,4.6,7.2,213
2/11/2018 4:57,-0.2,-0.2,-0.2,80,81,81,28.35,28.35,28.35,5.2,7,216
2/11/2018 4:58,-0.1,-0.2,-0.1,80,81,81,28.35,28.35,28.35,4.6,6.5,235
2/11/2018 4:59,0,-0.1,0,80,81,81,28.35,28.35,28.35,4.5,6.5,227
2/11/2018 5:00,0,0,0,80,81,81,28.35,28.35,28.35,4.7,6.7,220
2/11/2018 5:01,0,0,0,80,81,81,28.35,28.35,28.35,3.3,4.7,218
2/11/2018 5:02,0,0,0.1,81,81,81,28.35,28.35,28.35,3.4,5,213
2/11/2018 5:03,0.1,0.1,0.1,81,81,81,28.35,28.35,28.35,4,6,214
2/11/2018 5:04,0.1,0.1,0.1,80,81,81,28.35,28.35,28.35,3.2,6.2,221
2/11/2018 5:05,0.1,0.1,0.1,81,81,81,28.35,28.35,28.35,3.3,6.2,214
2/11/2018 5:06,0.1,0.1,0.1,81,81,81,28.35,28.35,28.35,4.1,7,212
2/11/2018 5:07,0.1,0.1,0.2,81,81,81,28.35,28.35,28.35,4,6,219
2/11/2018 5:08,0.2,0.2,0.2,80,81,81,28.35,28.35,28.35,3.4,5.4,229
2/11/2018 5:09,0.2,0.2,0.2,81,81,81,28.36,28.36,28.35,5,7.2,256
2/11/2018 5:10,0.2,0.2,0.2,81,81,81,28.35,28.36,28.35,5.8,8.4,238
2/11/2018 5:11,0.2,0.2,0.2,81,81,81,28.36,28.36,28.35,4.9,6.5,232
2/11/2018 5:12,0.2,0.2,0.2,80,80,81,28.35,28.36,28.35,3.7,6.5,235
2/11/2018 5:13,0.2,0.2,0.2,80,80,80,28.36,28.36,28.35,3.8,6.5,232
2/11/2018 5:14,0.2,0.2,0.2,79,80,80,28.36,28.36,28.36,4.5,7.2,233
2/11/2018 5:15,0.2,0.2,0.2,79,80,80,28.36,28.36,28.36,2.3,4,216
2/11/2018 5:16,0.3,0.2,0.4,80,80,80,28.36,28.36,28.36,2.8,6.7,215
2/11/2018 5:17,0.4,0.4,0.4,80,80,80,28.36,28.36,28.36,3.3,5.7,214
2/11/2018 5:18,0.4,0.4,0.4,80,80,80,28.36,28.36,28.36,3.4,5.5,216
2/11/2018 5:19,0.4,0.4,0.4,79,80,80,28.36,28.36,28.36,3.7,5.4,210
2/11/2018 5:20,0.4,0.4,0.4,80,80,80,28.36,28.36,28.36,3.7,5.5,213
2/11/2018 5:21,0.4,0.4,0.5,80,80,80,28.36,28.36,28.36,4.2,6,219
2/11/2018 5:22,0.5,0.5,0.5,80,80,80,28.36,28.36,28.36,4,7.5,222
2/11/2018 5:23,0.5,0.5,0.5,80,80,80,28.36,28.36,28.36,4.7,6.7,221
2/11/2018 5:24,0.5,0.5,0.5,79,80,80,28.35,28.36,28.35,3.1,6.2,207
2/11/2018 5:25,0.5,0.5,0.5,79,80,80,28.35,28.35,28.35,4.9,6.2,198
2/11/2018 5:26,0.5,0.5,0.5,80,80,80,28.35,28.35,28.35,5,7.5,207
2/11/2018 5:27,0.5,0.5,0.5,80,80,80,28.35,28.35,28.35,3.6,5,187
2/11/2018 5:28,0.5,0.5,0.5,80,80,80,28.35,28.35,28.35,4.8,7.2,163
2/11/2018 5:29,0.5,0.5,0.5,80,80,80,28.35,28.35,28.35,5.8,8.4,207
2/11/2018 5:30,0.6,0.5,0.6,80,80,80,28.35,28.35,28.35,3.7,5.4,204
2/11/2018 5:31,0.6,0.6,0.6,79,80,80,28.35,28.35,28.35,4.9,7.5,213
2/11/2018 5:32,0.6,0.6,0.6,79,80,80,28.35,28.35,28.35,3.5,5.5,210
2/11/2018 5:33,0.6,0.6,0.6,79,80,80,28.35,28.35,28.35,3.6,7,206
2/11/2018 5:34,0.7,0.6,0.8,80,80,80,28.35,28.35,28.35,2.8,4.9,198
2/11/2018 5:35,0.8,0.8,0.8,79,80,80,28.35,28.35,28.35,3.6,5.5,204
2/11/2018 5:36,0.8,0.8,0.8,80,80,80,28.35,28.35,28.35,2.6,5,213
2/11/2018 5:37,0.8,0.8,0.9,80,80,80,28.35,28.35,28.35,4.2,9.5,220
2/11/2018 5:38,0.9,0.9,0.9,80,80,80,28.35,28.35,28.35,5.4,8.1,223
2/11/2018 5:39,0.8,0.9,0.9,79,80,80,28.35,28.35,28.35,4.2,5.7,224
2/11/2018 5:40,0.9,0.9,0.9,79,80,80,28.35,28.35,28.35,5.1,6,226
2/11/2018 5:41,0.9,0.9,1,79,80,80,28.35,28.35,28.35,4.4,6,226
2/11/2018 5:42,1,1,1,79,80,80,28.36,28.36,28.35,3.1,4.7,230
2/11/2018 5:43,1,1,1,79,80,80,28.36,28.36,28.36,3.2,4.9,242
2/11/2018 5:44,1,1,1.1,80,80,80,28.36,28.36,28.36,3.6,6.7,255
2/11/2018 5:45,1.1,1.1,1.1,80,80,80,28.36,28.36,28.36,2.6,3.7,229
2/11/2018 5:46,1.1,1.1,1.1,79,80,80,28.36,28.36,28.36,3.9,6,268
2/11/2018 5:47,1.1,1.1,1.1,80,80,80,28.36,28.36,28.36,5.3,7.5,255
2/11/2018 5:48,1.1,1.1,1.1,79,80,80,28.36,28.36,28.36,4.3,5.5,239
2/11/2018 5:49,1.1,1.1,1.1,79,79,80,28.37,28.37,28.36,4.2,6.7,256
2/11/2018 5:50,1.1,1.1,1.1,78,79,79,28.37,28.37,28.37,3.9,5.5,245
2/11/2018 5:51,1.1,1.1,1.1,78,79,79,28.37,28.37,28.37,4.9,6.5,235
2/11/2018 5:52,1.1,1.1,1.1,79,79,79,28.37,28.37,28.37,4.6,7.9,240
2/11/2018 5:53,1.1,1.1,1.1,79,79,79,28.37,28.37,28.37,6.2,9.5,248
2/11/2018 5:54,1.1,1.1,1.1,79,79,79,28.37,28.37,28.37,5,6.5,235
2/11/2018 5:55,1.2,1.1,1.3,78,79,79,28.36,28.37,28.36,5.3,7.5,227
2/11/2018 5:56,1.3,1.3,1.3,79,79,79,28.37,28.37,28.36,5.9,9,246
2/11/2018 5:57,1.3,1.3,1.3,78,79,79,28.37,28.37,28.37,6.6,8.4,229
2/11/2018 5:58,1.3,1.3,1.3,78,79,79,28.37,28.37,28.37,3.7,4.9,237
2/11/2018 5:59,1.3,1.3,1.3,79,79,79,28.36,28.37,28.36,6.2,9.5,219
2/11/2018 6:00,1.2,1.1,1.3,78,79,79,28.37,28.37,28.36,6.2,9.5,227
2/11/2018 6:01,1.1,1.1,1.1,78,79,79,28.37,28.37,28.37,5,7,229
2/11/2018 6:02,1.1,1.1,1.1,78,79,79,28.37,28.37,28.37,4.8,7.2,250
2/11/2018 6:03,1.1,1.1,1.1,79,79,79,28.37,28.37,28.37,4.7,7,228
2/11/2018 6:04,1.1,1.1,1.1,78,79,79,28.37,28.37,28.37,3.9,7,223
2/11/2018 6:05,1.1,1.1,1.1,79,79,79,28.37,28.37,28.37,4.8,6,216
2/11/2018 6:06,1.1,1.1,1.1,79,79,79,28.36,28.37,28.36,5.2,6.7,225
2/11/2018 6:07,1.1,1.1,1.1,78,79,79,28.37,28.37,28.36,4.9,6.7,227
2/11/2018 6:08,1.1,1.1,1.1,78,79,79,28.36,28.37,28.36,4.7,6.2,243
2/11/2018 6:09,1.1,1.1,1.1,79,79,79,28.37,28.37,28.36,3.7,5.4,231
2/11/2018 6:10,1.1,1.1,1.1,79,79,79,28.36,28.37,28.36,6.6,8.9,233
2/11/2018 6:11,1.1,1.1,1.1,79,79,79,28.37,28.37,28.36,4.4,6.5,233
2/11/2018 6:12,1.1,1.1,1.1,79,79,79,28.37,28.37,28.37,4.6,6.7,238
2/11/2018 6:13,1.1,1.1,1.1,78,79,79,28.36,28.37,28.36,4.7,8.5,227
2/11/2018 6:14,1.1,1.1,1.1,78,79,79,28.37,28.37,28.36,5.6,10,243
2/11/2018 6:15,1.1,1.1,1.1,79,79,79,28.37,28.37,28.37,4.8,8.4,232
2/11/2018 6:16,1.1,1.1,1.1,79,79,79,28.36,28.37,28.36,6.2,9,245
2/11/2018 6:17,1.1,1.1,1.1,79,79,79,28.37,28.37,28.36,4.9,6.5,232
2/11/2018 6:18,1.1,1.1,1.1,79,79,79,28.36,28.37,28.36,4.3,6,234
2/11/2018 6:19,1.1,1.1,1.1,78,79,79,28.36,28.36,28.36,5.3,8.1,235
2/11/2018 6:20,1.1,1.1,1.1,78,79,79,28.36,28.36,28.36,4.1,5.5,234
2/11/2018 6:21,1.1,1.1,1.1,79,79,79,28.36,28.36,28.36,4.3,6,240
2/11/2018 6:22,1,1,1.1,78,79,79,28.37,28.37,28.36,4.4,6,236
2/11/2018 6:23,1,1,1,79,79,79,28.36,28.37,28.36,4.3,5.7,230
2/11/2018 6:24,1,1,1,79,79,79,28.36,28.36,28.36,3.6,5,235
2/11/2018 6:25,1,1,1,79,79,79,28.37,28.37,28.36,4.5,6.5,240
2/11/2018 6:26,1,1,1,79,79,79,28.37,28.37,28.37,2.9,4.4,238
2/11/2018 6:27,0.9,0.9,1,79,79,79,28.36,28.37,28.36,4,7.2,246
2/11/2018 6:28,0.9,0.9,0.9,79,79,79,28.36,28.36,28.36,4,6,226
2/11/2018 6:29,0.9,0.9,0.9,79,79,79,28.36,28.36,28.36,4.2,5.4,221
2/11/2018 6:30,0.8,0.8,0.9,79,79,79,28.36,28.36,28.36,3.5,5,224
2/11/2018 6:31,0.8,0.8,0.8,78,79,79,28.36,28.36,28.36,3.9,5.7,235
2/11/2018 6:32,0.8,0.8,0.8,78,79,79,28.36,28.36,28.36,5.5,7.2,216
2/11/2018 6:33,0.8,0.8,0.9,78,79,79,28.36,28.36,28.36,4.2,5,218
2/11/2018 6:34,0.8,0.8,0.9,79,79,79,28.36,28.36,28.36,4.1,5.4,218
2/11/2018 6:35,0.8,0.8,0.8,78,79,79,28.35,28.36,28.35,3.8,5.5,218
2/11/2018 6:36,0.7,0.6,0.8,78,79,79,28.35,28.35,28.35,4.2,6,200
2/11/2018 6:37,0.6,0.6,0.6,79,79,79,28.35,28.35,28.35,4.9,7.2,213
2/11/2018 6:38,0.6,0.6,0.6,78,79,79,28.36,28.36,28.35,5.1,6.2,223
2/11/2018 6:39,0.6,0.6,0.6,78,79,79,28.36,28.36,28.36,3.7,5.5,225
2/11/2018 6:40,0.6,0.5,0.6,78,79,79,28.36,28.36,28.36,4.8,7,224
2/11/2018 6:41,0.5,0.5,0.5,78,79,79,28.36,28.36,28.36,4.7,6.5,225
2/11/2018 6:42,0.5,0.5,0.5,79,79,79,28.36,28.36,28.35,4.3,6.5,210
2/11/2018 6:43,0.5,0.5,0.5,78,79,79,28.35,28.35,28.35,4.2,5.4,221
2/11/2018 6:44,0.5,0.5,0.5,78,79,79,28.36,28.36,28.35,3.8,6,207
2/11/2018 6:45,0.4,0.4,0.5,78,79,79,28.36,28.36,28.36,3.5,5.5,218
2/11/2018 6:46,0.4,0.4,0.4,79,79,79,28.36,28.36,28.36,3,4.9,210
2/11/2018 6:47,0.4,0.4,0.4,79,79,80,28.36,28.36,28.36,3.9,6,233
2/11/2018 6:48,0.3,0.2,0.4,79,80,80,28.36,28.36,28.36,4.1,6,222
2/11/2018 6:49,0.2,0.2,0.2,80,80,80,28.36,28.36,28.36,2.9,4.7,211
2/11/2018 6:50,0.2,0.2,0.2,80,80,80,28.36,28.36,28.36,3.8,5.4,219
2/11/2018 6:51,0.2,0.2,0.2,80,80,80,28.36,28.36,28.36,2.6,3.5,213
2/11/2018 6:52,0.1,0.1,0.2,80,80,80,28.36,28.36,28.36,2.7,4,208
2/11/2018 6:53,0.1,0.1,0.1,80,80,80,28.36,28.36,28.36,2.2,3.7,210
2/11/2018 6:54,0.1,0.1,0.1,80,80,80,28.36,28.36,28.36,3.4,4.9,217
2/11/2018 6:55,0,0,0.1,79,80,80,28.36,28.36,28.36,3.4,4.9,203
2/11/2018 6:56,0,0,0,80,80,80,28.36,28.37,28.36,3.2,4.9,209
2/11/2018 6:57,0,-0.1,0,79,80,80,28.36,28.37,28.36,2.6,4.4,210
2/11/2018 6:58,-0.1,-0.1,-0.1,80,80,80,28.36,28.36,28.36,3.2,4.4,207
2/11/2018 6:59,-0.1,-0.1,-0.1,80,80,80,28.36,28.36,28.36,3,4.7,200
2/11/2018 7:00,-0.1,-0.2,-0.1,80,80,80,28.36,28.36,28.36,2.9,4,187
2/11/2018 7:01,-0.2,-0.2,-0.2,80,80,80,28.36,28.36,28.36,2.4,4.7,188
2/11/2018 7:02,-0.2,-0.2,-0.2,80,80,80,28.36,28.36,28.36,2.7,4,179
2/11/2018 7:03,-0.2,-0.2,-0.2,80,80,80,28.36,28.36,28.36,3.2,4.7,201
2/11/2018 7:04,-0.3,-0.4,-0.2,80,80,80,28.36,28.36,28.36,2.8,4.2,196
2/11/2018 7:05,-0.4,-0.4,-0.4,79,80,80,28.36,28.36,28.36,3.2,4.9,199
2/11/2018 7:06,-0.3,-0.4,-0.2,79,80,80,28.36,28.36,28.36,2.8,5,203
2/11/2018 7:07,-0.2,-0.2,-0.2,80,80,80,28.36,28.36,28.36,1.7,2.6,174
2/11/2018 7:08,-0.3,-0.4,-0.2,79,80,80,28.36,28.36,28.36,3,5.5,196
2/11/2018 7:09,-0.4,-0.4,-0.4,80,80,80,28.36,28.36,28.36,1.7,4,214
2/11/2018 7:10,-0.4,-0.4,-0.4,79,80,80,28.36,28.36,28.36,2.6,4.4,197
2/11/2018 7:11,-0.4,-0.5,-0.4,80,80,81,28.36,28.36,28.36,3.3,5.5,214
2/11/2018 7:12,-0.5,-0.5,-0.5,81,81,81,28.36,28.36,28.36,2.9,4.2,228
2/11/2018 7:13,-0.5,-0.5,-0.5,81,81,81,28.36,28.36,28.36,2.1,3.7,223
2/11/2018 7:14,-0.5,-0.5,-0.5,81,81,81,28.36,28.36,28.36,2.8,4,219
2/11/2018 7:15,-0.6,-0.6,-0.5,80,81,81,28.36,28.36,28.36,2.6,4.7,202
2/11/2018 7:16,-0.6,-0.6,-0.6,81,81,81,28.36,28.36,28.36,2.7,4.9,212
2/11/2018 7:17,-0.7,-0.8,-0.6,80,81,81,28.36,28.36,28.36,2.7,4.4,211
2/11/2018 7:18,-0.8,-0.9,-0.8,80,81,81,28.36,28.36,28.36,1.7,2.7,223
2/11/2018 7:19,-0.8,-0.9,-0.9,80,81,81,28.36,28.36,28.36,2.7,4.4,216
2/11/2018 7:20,-0.9,-0.9,-0.9,81,81,81,28.36,28.36,28.36,3.3,5.4,229
2/11/2018 7:21,-0.9,-0.9,-0.9,81,81,81,28.36,28.36,28.36,2.5,4.9,232
2/11/2018 7:22,-0.9,-0.9,-0.9,81,81,81,28.37,28.37,28.36,3.2,4.4,221
2/11/2018 7:23,-0.9,-1,-0.9,81,81,81,28.36,28.37,28.36,1.9,3.5,225
2/11/2018 7:24,-1,-1,-1,80,81,81,28.36,28.36,28.36,2.5,3.7,204
2/11/2018 7:25,-0.9,-1,-0.9,80,81,81,28.36,28.36,28.36,1.9,2.6,206
2/11/2018 7:26,-0.9,-1,-0.9,80,81,81,28.36,28.36,28.36,0.5,2.1,202
2/11/2018 7:27,-0.9,-1,-0.9,80,81,81,28.36,28.36,28.36,2.1,2.6,202
2/11/2018 7:28,-0.9,-1,-0.9,80,81,81,28.36,28.36,28.36,2.4,4,202
2/11/2018 7:29,-1,-1,-1,81,81,81,28.36,28.36,28.36,1.7,3.2,214
2/11/2018 7:30,-1,-1,-1,81,81,81,28.36,28.36,28.36,1.5,4.2,223
2/11/2018 7:31,-1,-1,-1,80,81,81,28.36,28.36,28.36,2.5,4.7,217
2/11/2018 7:32,-1,-1.1,-1,80,81,81,28.36,28.36,28.36,2.8,5,202
2/11/2018 7:33,-1.1,-1.1,-1.1,80,81,81,28.37,28.37,28.36,3.6,5,224
2/11/2018 7:34,-1.1,-1.1,-1.1,80,81,81,28.37,28.37,28.37,3.5,5,225
2/11/2018 7:35,-1.1,-1.1,-1.1,81,81,81,28.37,28.37,28.37,3.2,4.4,213
2/11/2018 7:36,-1.1,-1.1,-1.1,81,81,81,28.37,28.37,28.37,2.6,4.9,188
2/11/2018 7:37,-1.1,-1.1,-1.1,80,81,81,28.37,28.37,28.37,2.9,4.2,207
2/11/2018 7:38,-1.1,-1.1,-1.1,80,81,81,28.37,28.37,28.37,2.8,4.4,202
2/11/2018 7:39,-1.2,-1.3,-1.1,80,81,81,28.37,28.37,28.37,3.2,4.7,200
2/11/2018 7:40,-1.3,-1.3,-1.3,81,81,81,28.36,28.37,28.36,2.6,5,189
2/11/2018 7:41,-1.3,-1.3,-1.3,81,81,82,28.37,28.37,28.36,3.3,5,197
2/11/2018 7:42,-1.3,-1.3,-1.3,81,82,82,28.37,28.37,28.37,2.2,3.2,175
2/11/2018 7:43,-1.3,-1.3,-1.3,81,82,82,28.36,28.37,28.36,1.5,3,207
2/11/2018 7:44,-1.3,-1.3,-1.3,81,82,82,28.37,28.37,28.36,2.2,3,191
2/11/2018 7:45,-1.3,-1.3,-1.3,81,82,82,28.37,28.37,28.37,1.2,2.6,192
2/11/2018 7:46,-1.3,-1.3,-1.3,82,82,82,28.36,28.37,28.36,2.4,3,179
2/11/2018 7:47,-1.3,-1.3,-1.3,81,82,82,28.36,28.36,28.36,2.6,3.2,190
2/11/2018 7:48,-1.4,-1.5,-1.3,81,82,82,28.36,28.36,28.36,2,3.5,186
2/11/2018 7:49,-1.5,-1.5,-1.5,82,82,82,28.36,28.36,28.36,1.7,4,185
2/11/2018 7:50,-1.5,-1.5,-1.5,82,82,82,28.37,28.37,28.36,2,2.6,189
2/11/2018 7:51,-1.5,-1.6,-1.5,82,82,82,28.36,28.37,28.36,1.6,2.2,180
2/11/2018 7:52,-1.6,-1.6,-1.6,82,82,82,28.37,28.37,28.36,1.4,2.6,180
2/11/2018 7:53,-1.7,-1.6,-1.6,82,82,82,28.36,28.37,28.36,2,3.2,189
2/11/2018 7:54,-1.6,-1.6,-1.6,82,82,82,28.36,28.36,28.36,2.1,3.5,169
2/11/2018 7:55,-1.7,-1.8,-1.6,82,82,82,28.36,28.36,28.36,3.1,4.4,166
2/11/2018 7:56,-1.8,-1.8,-1.8,82,82,82,28.36,28.36,28.36,3.7,4.4,180
2/11/2018 7:57,-1.8,-1.8,-1.8,81,82,82,28.36,28.36,28.36,2.9,4.9,176
2/11/2018 7:58,-1.7,-1.8,-1.8,81,82,82,28.35,28.36,28.35,2.9,4.2,180
2/11/2018 7:59,-1.8,-1.8,-1.8,81,82,82,28.36,28.36,28.35,3,3.5,190
2/11/2018 8:00,-1.8,-1.8,-1.8,82,82,82,28.36,28.36,28.36,2.6,4.4,203
2/11/2018 8:01,-1.8,-1.8,-1.8,82,82,82,28.36,28.36,28.35,2.8,5.5,195
2/11/2018 8:02,-1.8,-1.8,-1.8,82,82,82,28.36,28.36,28.35,2.3,4.7,201
2/11/2018 8:03,-1.8,-1.8,-1.8,82,82,82,28.35,28.36,28.35,1.1,2.7,203
2/11/2018 8:04,-1.8,-1.8,-1.8,82,82,82,28.36,28.36,28.35,1.9,4.7,212
2/11/2018 8:05,-1.8,-1.8,-1.8,82,82,82,28.35,28.36,28.35,2.2,4.7,194
2/11/2018 8:06,-1.8,-1.8,-1.8,82,82,83,28.35,28.35,28.35,0.8,2.6,190
2/11/2018 8:07,-1.8,-1.8,-1.8,82,83,83,28.35,28.35,28.35,2.1,2.6,225
2/11/2018 8:08,-1.8,-1.8,-1.8,82,83,83,28.36,28.36,28.35,2.3,3.5,225
2/11/2018 8:09,-1.9,-2,-1.8,82,83,83,28.35,28.36,28.35,2.5,3.2,225
2/11/2018 8:10,-1.9,-2,-1.8,82,83,83,28.36,28.36,28.35,2.8,3.5,225
2/11/2018 8:11,-1.8,-1.8,-1.8,83,83,83,28.36,28.36,28.36,1.5,2.1,225
2/11/2018 8:12,-1.8,-1.8,-1.8,82,83,83,28.35,28.36,28.35,2,3.2,225
2/11/2018 8:13,-1.8,-1.8,-1.8,83,83,83,28.36,28.36,28.35,1.7,3.2,225
2/11/2018 8:14,-1.9,-2,-1.8,83,83,83,28.36,28.36,28.36,1.3,1.6,225
2/11/2018 8:15,-2,-2,-2,82,83,83,28.36,28.36,28.36,0.7,1.6,225
2/11/2018 8:16,-2,-2,-2,83,83,83,28.36,28.36,28.36,0.8,1.8,225
2/11/2018 8:17,-2,-2,-2,83,83,83,28.35,28.36,28.35,1.6,2.7,236
2/11/2018 8:18,-2,-2,-2,82,83,83,28.36,28.36,28.35,2.7,4,233
2/11/2018 8:19,-2,-2,-2,83,83,83,28.36,28.36,28.36,1.6,2.7,225
2/11/2018 8:20,-2,-2,-2,83,83,83,28.35,28.36,28.35,2.2,3.2,225
2/11/2018 8:21,-1.9,-2,-1.8,82,83,83,28.36,28.36,28.35,2.4,3.2,225
2/11/2018 8:22,-1.8,-1.8,-1.8,82,83,83,28.36,28.36,28.36,1.4,1.8,225
2/11/2018 8:23,-1.8,-1.8,-1.8,82,83,83,28.36,28.36,28.36,1.6,3.2,225
2/11/2018 8:24,-1.8,-1.8,-1.8,83,83,83,28.36,28.36,28.36,2.9,3.7,231
2/11/2018 8:25,-1.7,-1.8,-1.6,83,83,83,28.36,28.36,28.36,2.2,4,225
2/11/2018 8:26,-1.6,-1.6,-1.6,83,83,83,28.36,28.36,28.36,3,4,225
2/11/2018 8:27,-1.5,-1.6,-1.5,83,83,83,28.36,28.36,28.36,2,3.7,225
2/11/2018 8:28,-1.4,-1.5,-1.3,83,83,83,28.37,28.37,28.36,1.9,2.7,236
2/11/2018 8:29,-1.3,-1.3,-1.3,83,83,83,28.37,28.37,28.37,2.2,2.7,247
2/11/2018 8:30,-1.2,-1.3,-1.1,82,83,83,28.37,28.37,28.37,2.5,3.5,247
2/11/2018 8:31,-1.1,-1.1,-1.1,82,82,83,28.37,28.37,28.37,1.7,2.7,234
2/11/2018 8:32,-1,-1.1,-1,82,82,82,28.37,28.37,28.37,1,2.6,247
2/11/2018 8:33,-0.9,-1,-0.9,81,82,82,28.37,28.37,28.37,1.7,2.2,244
2/11/2018 8:34,-0.8,-0.9,-0.8,82,82,82,28.37,28.37,28.37,2.4,3.7,226
2/11/2018 8:35,-0.7,-0.8,-0.6,81,82,82,28.37,28.37,28.37,2.2,3.7,236
2/11/2018 8:36,-0.6,-0.6,-0.6,82,82,82,28.37,28.37,28.37,2.8,5,241
2/11/2018 8:37,-0.6,-0.6,-0.5,82,82,82,28.37,28.37,28.37,3.7,5.4,243
2/11/2018 8:38,-0.5,-0.5,-0.5,81,82,82,28.37,28.38,28.37,3.3,4.7,235
2/11/2018 8:39,-0.4,-0.5,-0.4,82,82,82,28.37,28.38,28.37,3.5,4.7,242
2/11/2018 8:40,-0.4,-0.4,-0.4,82,82,82,28.37,28.37,28.37,4.7,7,225
2/11/2018 8:41,-0.3,-0.4,-0.2,81,82,82,28.37,28.37,28.37,3.5,5,231
2/11/2018 8:42,-0.2,-0.2,-0.2,82,82,82,28.37,28.38,28.37,4.1,5.7,229
2/11/2018 8:43,-0.1,-0.2,-0.1,82,82,82,28.37,28.38,28.37,4,5.7,227
2/11/2018 8:44,0,-0.1,0,82,82,82,28.37,28.37,28.37,3.5,5.4,228
2/11/2018 8:45,0,0,0,81,81,82,28.37,28.38,28.37,4.1,6.2,224
2/11/2018 8:46,0,0,0.1,81,81,81,28.37,28.38,28.37,3.6,5.5,223
2/11/2018 8:47,0.1,0.1,0.2,80,81,81,28.37,28.38,28.37,3,5.7,233
2/11/2018 8:48,0.2,0.2,0.2,81,81,81,28.38,28.38,28.38,3.7,4.9,226
2/11/2018 8:49,0.2,0.2,0.2,81,81,81,28.38,28.38,28.38,3.1,4.2,241
2/11/2018 8:50,0.2,0.2,0.2,80,81,81,28.38,28.38,28.38,3.8,5.5,254
2/11/2018 8:51,0.3,0.2,0.4,81,81,81,28.38,28.38,28.38,3.9,5.5,245
2/11/2018 8:52,0.4,0.4,0.5,81,81,81,28.38,28.38,28.38,4.1,6.2,230
2/11/2018 8:53,0.5,0.5,0.5,80,81,81,28.38,28.38,28.38,6.3,8.5,227
2/11/2018 8:54,0.5,0.5,0.5,80,81,81,28.38,28.38,28.38,6.5,9,249
2/11/2018 8:55,0.6,0.5,0.6,81,81,81,28.38,28.38,28.38,5.4,7.2,223
2/11/2018 8:56,0.6,0.6,0.6,81,81,81,28.38,28.38,28.38,5.3,8.9,250
2/11/2018 8:57,0.7,0.6,0.8,81,81,81,28.38,28.38,28.38,4.1,6.5,246
2/11/2018 8:58,0.8,0.8,0.9,80,81,81,28.38,28.38,28.38,4.6,7.5,246
2/11/2018 8:59,0.9,0.9,1,81,81,81,28.38,28.38,28.38,4.4,7,265
2/11/2018 9:00,1,1,1,80,81,81,28.38,28.38,28.38,4.2,6.2,253
2/11/2018 9:01,1,1,1.1,81,81,81,28.38,28.38,28.38,5,6.7,237
2/11/2018 9:02,1.1,1.1,1.1,80,80,81,28.38,28.38,28.38,6.6,9.5,243
2/11/2018 9:03,1.1,1.1,1.1,79,80,80,28.38,28.38,28.38,3.5,5,247
2/11/2018 9:04,1.1,1.1,1.1,79,80,80,28.38,28.38,28.38,5.6,8.5,255
2/11/2018 9:05,1.2,1.1,1.3,79,80,80,28.39,28.39,28.38,4.5,7,259
2/11/2018 9:06,1.3,1.3,1.3,79,80,80,28.39,28.39,28.39,3.7,4.9,249
2/11/2018 9:07,1.3,1.3,1.3,80,80,80,28.38,28.39,28.38,6.7,9,244
2/11/2018 9:08,1.3,1.3,1.3,80,80,80,28.39,28.39,28.38,5,8.1,260
2/11/2018 9:09,1.3,1.3,1.3,80,80,80,28.38,28.39,28.38,4.5,6,263
2/11/2018 9:10,1.4,1.3,1.5,80,80,80,28.38,28.38,28.38,4.1,5.7,256
2/11/2018 9:11,1.5,1.5,1.6,80,80,80,28.38,28.38,28.38,4.1,7.7,251
2/11/2018 9:12,1.6,1.6,1.6,80,80,80,28.39,28.39,28.38,4.1,7.7,252
2/11/2018 9:13,1.6,1.6,1.6,80,80,80,28.39,28.39,28.39,2.9,4.2,265
2/11/2018 9:14,1.7,1.6,1.8,80,80,80,28.39,28.39,28.39,4.8,7.2,262
2/11/2018 9:15,1.8,1.8,1.8,80,80,80,28.39,28.39,28.39,4.2,7.2,280
2/11/2018 9:16,1.8,1.8,1.8,80,80,80,28.39,28.39,28.39,6.5,8.9,256
2/11/2018 9:17,1.9,1.8,2,80,80,80,28.39,28.39,28.39,5.9,9.5,264
2/11/2018 9:18,2,2,2.1,80,80,80,28.39,28.4,28.39,4.4,6,273
2/11/2018 9:19,2.1,2.1,2.2,80,80,80,28.39,28.4,28.39,5,7.2,286
2/11/2018 9:20,2.2,2.2,2.2,80,80,80,28.39,28.4,28.39,5.6,8.5,291
2/11/2018 9:21,2.2,2.2,2.2,80,80,80,28.39,28.4,28.4,6.1,9.3,287
2/11/2018 9:22,2.4,2.2,2.5,79,80,80,28.39,28.4,28.4,5.5,9.5,288
2/11/2018 9:23,2.5,2.5,2.6,80,80,80,28.39,28.4,28.39,7.6,11.4,286
2/11/2018 9:24,2.7,2.6,2.7,79,80,80,28.39,28.4,28.39,7.2,11,265
2/11/2018 9:25,2.8,2.7,2.8,79,79,80,28.39,28.4,28.39,6.7,8.5,288
2/11/2018 9:26,3,2.8,3.1,79,79,79,28.4,28.4,28.39,9,11.1,279
2/11/2018 9:27,3.1,3.1,3.2,78,79,79,28.4,28.4,28.4,5.9,9.5,284
2/11/2018 9:28,3.3,3.2,3.3,79,79,79,28.4,28.4,28.4,7.4,11.4,290
2/11/2018 9:29,3.4,3.3,3.5,79,79,79,28.4,28.4,28.4,7.9,14.6,264
2/11/2018 9:30,3.6,3.5,3.7,79,79,79,28.4,28.4,28.4,11.5,15.4,284
2/11/2018 9:31,3.7,3.7,3.7,79,79,79,28.4,28.4,28.4,9.5,12.5,286
2/11/2018 9:32,3.8,3.7,3.8,78,79,79,28.4,28.4,28.4,7.5,10.6,294
2/11/2018 9:33,3.9,3.8,4,79,79,79,28.4,28.4,28.4,7.2,12.5,281
2/11/2018 9:34,4,4,4,78,78,79,28.4,28.4,28.4,10.5,14.6,286
2/11/2018 9:35,4,4,4,78,78,78,28.4,28.4,28.4,9.1,14.5,276
2/11/2018 9:36,4,4,4,78,78,78,28.4,28.4,28.4,8.1,11.1,267
2/11/2018 9:37,4.1,4,4.2,78,78,78,28.4,28.4,28.4,9.6,12.5,283
2/11/2018 9:38,4.2,4.2,4.2,77,78,78,28.4,28.4,28.4,8.9,11.6,286
2/11/2018 9:39,4.2,4.2,4.2,78,78,78,28.4,28.4,28.4,9.3,12.5,285
2/11/2018 9:40,4.2,4.2,4.2,78,78,78,28.4,28.4,28.4,8.9,12.5,288
2/11/2018 9:41,4.2,4.2,4.2,78,78,78,28.4,28.4,28.4,8.7,14,288
2/11/2018 9:42,4.3,4.2,4.4,77,78,78,28.4,28.4,28.4,9.2,14,285
2/11/2018 9:43,4.4,4.4,4.5,77,78,78,28.4,28.4,28.4,9,12,290
2/11/2018 9:44,4.5,4.5,4.5,78,78,78,28.4,28.4,28.4,9.9,12.8,286
2/11/2018 9:45,4.5,4.5,4.5,77,77,78,28.41,28.41,28.4,6.4,11.4,268
2/11/2018 9:46,4.6,4.5,4.7,77,77,77,28.4,28.41,28.4,9.7,13,286
2/11/2018 9:47,4.7,4.7,4.7,77,77,77,28.41,28.41,28.4,8,11.1,281
2/11/2018 9:48,4.8,4.7,4.9,76,77,77,28.4,28.41,28.4,5.4,8.9,284
2/11/2018 9:49,4.9,4.9,5,77,77,77,28.41,28.41,28.4,6,8.9,291
2/11/2018 9:50,5,5,5,77,77,77,28.41,28.41,28.41,4.6,10.3,267
2/11/2018 9:51,5.1,5,5.2,77,77,77,28.41,28.41,28.41,5.7,10,274
2/11/2018 9:52,5.2,5.2,5.2,77,77,77,28.41,28.41,28.41,8.5,12.5,282
2/11/2018 9:53,5.3,5.2,5.4,77,77,77,28.41,28.41,28.41,8.3,13.8,286
2/11/2018 9:54,5.4,5.4,5.5,76,77,77,28.41,28.41,28.41,11.3,16.6,285
2/11/2018 9:55,5.5,5.5,5.5,76,76,77,28.41,28.41,28.41,8.8,12.4,285
2/11/2018 9:56,5.6,5.5,5.7,76,76,76,28.4,28.41,28.4,9.3,14.1,286
2/11/2018 9:57,5.7,5.7,5.7,76,76,76,28.41,28.41,28.4,8.6,13.5,275
2/11/2018 9:58,5.7,5.7,5.7,76,76,76,28.4,28.41,28.4,12.4,17.6,282
2/11/2018 9:59,5.7,5.7,5.7,76,76,76,28.4,28.41,28.4,9.9,13.3,292
2/11/2018 10:00,5.7,5.7,5.7,76,76,76,28.41,28.41,28.41,11.7,15.9,289
2/11/2018 10:01,5.7,5.7,5.7,75,76,76,28.41,28.41,28.41,9.5,13,280
2/11/2018 10:02,5.7,5.7,5.7,76,76,76,28.41,28.41,28.41,11.9,16.1,283
2/11/2018 10:03,5.7,5.7,5.7,76,76,76,28.41,28.41,28.41,10.2,13,287
2/11/2018 10:04,5.7,5.7,5.7,76,76,76,28.4,28.41,28.4,12.2,15.4,285
2/11/2018 10:05,5.7,5.7,5.7,75,76,76,28.41,28.41,28.4,8.4,14.6,277
2/11/2018 10:06,5.7,5.7,5.7,75,76,76,28.41,28.41,28.41,9.7,15.9,275
2/11/2018 10:07,5.7,5.7,5.7,76,76,76,28.41,28.41,28.41,9.2,13,290
2/11/2018 10:08,5.7,5.7,5.7,76,76,76,28.41,28.41,28.41,6.1,10.6,294
2/11/2018 10:09,5.8,5.7,5.9,76,76,76,28.41,28.41,28.41,8.8,13.8,287
2/11/2018 10:10,5.9,5.9,5.9,75,76,76,28.41,28.41,28.4,9.3,15.5,288
2/11/2018 10:11,5.9,5.9,5.9,75,76,76,28.41,28.41,28.4,9.8,14.5,286
2/11/2018 10:12,5.9,5.9,6,75,76,76,28.4,28.41,28.4,9.2,12,284
2/11/2018 10:13,6,6,6,76,76,76,28.4,28.4,28.4,10.6,15.1,289
2/11/2018 10:14,6,6,6,76,76,76,28.41,28.41,28.4,9.8,13.5,280
2/11/2018 10:15,6,6,6,75,76,76,28.41,28.41,28.41,10.2,13.5,285
2/11/2018 10:16,6,6,6,76,76,76,28.41,28.41,28.41,7.9,11,279
2/11/2018 10:17,6,6,6,76,76,76,28.41,28.41,28.41,6.4,9.5,271
2/11/2018 10:18,6.1,6,6.2,76,76,76,28.42,28.42,28.41,7.2,10.3,284
2/11/2018 10:19,6.2,6.2,6.2,76,76,76,28.42,28.42,28.42,6.7,12.4,282
2/11/2018 10:20,6.2,6.2,6.2,76,76,76,28.41,28.42,28.41,6.8,11.6,257
2/11/2018 10:21,6.2,6.2,6.2,76,76,76,28.42,28.42,28.41,7,10,272
2/11/2018 10:22,6.2,6.2,6.2,76,76,76,28.41,28.42,28.41,6.9,10,287
2/11/2018 10:23,6.3,6.2,6.4,75,76,76,28.42,28.42,28.41,6.6,10.6,277
2/11/2018 10:24,6.4,6.4,6.4,76,76,76,28.42,28.42,28.42,7.2,10.6,286
2/11/2018 10:25,6.4,6.4,6.5,76,76,76,28.42,28.42,28.42,7.6,11,269
2/11/2018 10:26,6.5,6.5,6.5,75,75,76,28.42,28.42,28.42,5.4,8.5,272
2/11/2018 10:27,6.5,6.5,6.5,74,75,75,28.42,28.42,28.42,9.3,14.5,283
2/11/2018 10:28,6.5,6.5,6.5,74,75,75,28.42,28.42,28.42,10.3,14,289
2/11/2018 10:29,6.5,6.5,6.5,75,75,75,28.42,28.42,28.42,8.4,12.8,278
2/11/2018 10:30,6.6,6.5,6.7,74,75,75,28.42,28.42,28.42,8,13,277
2/11/2018 10:31,6.7,6.7,6.7,75,75,75,28.42,28.42,28.42,9.1,11.9,292
2/11/2018 10:32,6.7,6.7,6.7,75,75,75,28.42,28.42,28.42,10.8,15.1,295
2/11/2018 10:33,6.7,6.7,6.7,75,75,75,28.42,28.42,28.42,10.3,15.9,290
2/11/2018 10:34,6.6,6.5,6.7,75,75,75,28.42,28.42,28.42,8.9,17,280
2/11/2018 10:35,6.5,6.5,6.5,75,75,75,28.42,28.43,28.42,8.6,14,288
2/11/2018 10:36,6.5,6.5,6.5,75,75,75,28.42,28.43,28.42,9.9,14.5,289
2/11/2018 10:37,6.5,6.5,6.5,75,75,75,28.42,28.43,28.42,8.5,11.1,280
2/11/2018 10:38,6.5,6.5,6.5,74,75,75,28.42,28.43,28.42,6.9,9.5,280
2/11/2018 10:39,6.5,6.5,6.5,75,75,75,28.42,28.43,28.42,6.6,9.8,274
2/11/2018 10:40,6.5,6.5,6.5,75,75,75,28.43,28.43,28.43,9.6,14,289
2/11/2018 10:41,6.6,6.5,6.7,75,75,75,28.43,28.43,28.43,8.6,13.3,287
2/11/2018 10:42,6.6,6.5,6.7,74,75,75,28.43,28.43,28.43,6.8,12,276
2/11/2018 10:43,6.6,6.5,6.7,74,75,75,28.43,28.43,28.43,6,9,272
2/11/2018 10:44,6.7,6.7,6.7,75,75,75,28.43,28.43,28.43,6.4,11.6,264
2/11/2018 10:45,6.7,6.7,6.7,75,75,75,28.43,28.43,28.43,7.3,9.5,280
2/11/2018 10:46,6.7,6.7,6.7,74,75,75,28.43,28.43,28.43,11.3,15.4,294
2/11/2018 10:47,6.7,6.7,6.7,75,75,75,28.43,28.43,28.43,8.7,12.5,281
2/11/2018 10:48,6.7,6.7,6.7,75,75,75,28.43,28.43,28.43,7.3,10.3,272
2/11/2018 10:49,6.7,6.7,6.7,74,75,75,28.43,28.43,28.43,6.6,9.3,260
2/11/2018 10:50,6.7,6.7,6.7,74,75,75,28.43,28.43,28.43,8,14.1,267
2/11/2018 10:51,6.7,6.7,6.7,75,75,75,28.44,28.44,28.43,8.2,11.1,278
2/11/2018 10:52,6.7,6.7,6.7,75,75,75,28.43,28.44,28.43,7.7,11.1,288
2/11/2018 10:53,6.8,6.7,6.9,75,75,75,28.43,28.43,28.43,6.4,11.4,281
2/11/2018 10:54,6.9,6.9,6.9,74,75,75,28.43,28.43,28.43,10,12.5,282
2/11/2018 10:55,6.9,6.9,6.9,75,75,75,28.44,28.44,28.43,10.5,19.1,280
2/11/2018 10:56,6.9,6.9,7,74,74,75,28.44,28.44,28.44,10.4,15.9,274
2/11/2018 10:57,7,7,7,73,74,74,28.44,28.44,28.44,9.2,15.4,273
2/11/2018 10:58,7,7,7,73,74,74,28.44,28.44,28.44,9.8,14.5,286
2/11/2018 10:59,7.1,7,7.2,73,74,74,28.43,28.44,28.43,13.2,15.9,282
2/11/2018 11:00,7.2,7.2,7.2,73,74,74,28.43,28.43,28.43,10.9,16.3,287
2/11/2018 11:01,7.3,7.2,7.4,74,74,74,28.43,28.43,28.43,10.8,16.3,292
2/11/2018 11:02,7.4,7.4,7.5,74,74,74,28.43,28.43,28.43,10.1,13.3,291
2/11/2018 11:03,7.5,7.5,7.5,74,74,74,28.43,28.43,28.43,11.7,14.6,286
2/11/2018 11:04,7.7,7.5,7.7,74,74,74,28.43,28.43,28.43,9.5,13,292
2/11/2018 11:05,7.8,7.7,7.9,74,74,74,28.44,28.44,28.43,7.1,10,287
2/11/2018 11:06,7.9,7.9,8,74,74,74,28.43,28.44,28.43,8.3,12.4,281
2/11/2018 11:07,8,8,8,74,74,74,28.44,28.44,28.43,9.6,12.5,289
2/11/2018 11:08,8.1,8,8.1,74,74,74,28.44,28.44,28.44,9.8,12.8,279
2/11/2018 11:09,8.2,8.1,8.3,74,74,74,28.44,28.44,28.44,12.3,16.6,291
2/11/2018 11:10,8.3,8.3,8.4,73,73,74,28.44,28.44,28.43,13,18.1,268
2/11/2018 11:11,8.4,8.4,8.5,73,73,73,28.44,28.44,28.43,9,14.1,264
2/11/2018 11:12,8.5,8.5,8.5,72,73,73,28.44,28.44,28.44,14.8,18,291
2/11/2018 11:13,8.5,8.5,8.5,73,73,73,28.44,28.44,28.44,11.9,14.6,286
2/11/2018 11:14,8.5,8.5,8.5,72,73,73,28.44,28.44,28.44,8.5,10.6,289
2/11/2018 11:15,8.5,8.5,8.5,72,73,73,28.44,28.44,28.44,8.8,11.9,271
2/11/2018 11:16,8.6,8.5,8.6,72,73,73,28.44,28.44,28.44,9.5,14.5,286
2/11/2018 11:17,8.6,8.6,8.6,72,73,73,28.44,28.44,28.44,8.7,10.5,288
2/11/2018 11:18,8.6,8.6,8.6,73,73,73,28.44,28.44,28.44,11.7,17.6,289
2/11/2018 11:19,8.6,8.6,8.6,73,73,73,28.44,28.44,28.44,14.2,19.6,291
2/11/2018 11:20,8.6,8.6,8.6,73,73,73,28.44,28.44,28.44,9.7,14.6,298
2/11/2018 11:21,8.7,8.6,8.8,73,73,73,28.45,28.45,28.44,10.5,14.6,285
2/11/2018 11:22,8.8,8.8,8.8,73,73,73,28.45,28.45,28.45,8.5,11.9,277
2/11/2018 11:23,8.8,8.8,8.9,72,73,73,28.45,28.45,28.45,9.6,14.9,275
2/11/2018 11:24,8.9,8.9,8.9,72,73,73,28.45,28.45,28.45,13,20.8,290
2/11/2018 11:25,8.9,8.9,9,73,73,73,28.45,28.45,28.45,13.8,18.3,289
2/11/2018 11:26,9,9,9,72,72,73,28.45,28.45,28.45,11.9,15.4,295
2/11/2018 11:27,9,9,9,72,72,72,28.45,28.45,28.45,10.8,14.9,284
2/11/2018 11:28,9,9,9,71,72,72,28.45,28.45,28.45,8.3,12.4,285
2/11/2018 11:29,9,9,9,72,72,72,28.45,28.45,28.45,10.1,14.5,277
2/11/2018 11:30,9,9,9,72,72,72,28.45,28.45,28.45,8.8,14.6,285
2/11/2018 11:31,9,9,9,71,72,72,28.45,28.45,28.45,9.7,13,283
2/11/2018 11:32,9,9,9,71,72,72,28.45,28.45,28.45,8.6,11.1,288
2/11/2018 11:33,9.1,9,9.1,72,72,72,28.45,28.45,28.45,7.9,12.4,278
2/11/2018 11:34,9.1,9.1,9.1,72,72,72,28.45,28.45,28.45,9.5,13.5,279
2/11/2018 11:35,9.1,9.1,9.1,72,72,72,28.45,28.45,28.45,10.8,14.6,283
2/11/2018 11:36,9.2,9.1,9.3,72,72,72,28.45,28.45,28.45,9.9,16.6,275
2/11/2018 11:37,9.3,9.3,9.3,72,72,72,28.45,28.45,28.45,11.2,15.4,299
2/11/2018 11:38,9.3,9.3,9.4,72,72,72,28.45,28.45,28.45,9.1,13.5,295
2/11/2018 11:39,9.4,9.4,9.5,72,72,72,28.45,28.45,28.45,8.4,12.8,293
2/11/2018 11:40,9.5,9.5,9.5,72,72,72,28.45,28.45,28.45,12.3,17.3,300
2/11/2018 11:41,9.5,9.5,9.5,71,71,72,28.45,28.45,28.45,15.1,19.3,291
2/11/2018 11:42,9.6,9.5,9.6,70,71,71,28.45,28.45,28.45,14.2,20.1,305
2/11/2018 11:43,9.6,9.6,9.6,70,71,71,28.45,28.45,28.45,13.4,18.3,287
2/11/2018 11:44,9.6,9.6,9.6,70,71,71,28.45,28.45,28.45,12.5,18,302
2/11/2018 11:45,9.7,9.6,9.8,71,71,71,28.45,28.45,28.45,10.8,16.6,297
2/11/2018 11:46,9.8,9.8,9.8,70,71,71,28.46,28.46,28.45,6.9,11.1,312
2/11/2018 11:47,9.8,9.8,9.8,71,71,71,28.45,28.46,28.45,9.2,13,299
2/11/2018 11:48,9.8,9.8,9.8,70,71,71,28.46,28.46,28.45,7.4,12.4,292
2/11/2018 11:49,9.8,9.8,9.8,70,71,71,28.46,28.46,28.45,9.2,13.3,303
2/11/2018 11:50,9.8,9.8,9.8,71,71,71,28.46,28.46,28.45,7.5,10,282
2/11/2018 11:51,9.8,9.8,9.8,71,71,71,28.45,28.46,28.45,7.9,13,293
2/11/2018 11:52,9.8,9.8,9.8,71,71,71,28.46,28.46,28.45,7.5,10,301
2/11/2018 11:53,9.8,9.8,9.9,70,71,71,28.46,28.46,28.46,8.9,12,287
2/11/2018 11:54,9.9,9.9,10,71,71,71,28.46,28.46,28.46,4.9,8.4,273
2/11/2018 11:55,10,10,10,70,71,71,28.46,28.46,28.46,7.9,11.4,291
2/11/2018 11:56,10.1,10,10.1,70,71,71,28.47,28.47,28.46,7.4,12.8,267
2/11/2018 11:57,10.2,10.1,10.3,70,70,71,28.46,28.47,28.46,9.3,16.6,279
2/11/2018 11:58,10.3,10.3,10.4,69,70,70,28.46,28.46,28.46,12.3,16.6,293
2/11/2018 11:59,10.4,10.4,10.5,70,70,70,28.46,28.47,28.46,13.3,18.1,287
2/11/2018 12:00,10.5,10.5,10.5,69,70,70,28.46,28.47,28.46,13.1,16.3,288
2/11/2018 12:01,10.5,10.5,10.5,70,70,70,28.47,28.47,28.46,12.5,16.8,290
2/11/2018 12:02,10.5,10.5,10.5,70,70,70,28.47,28.47,28.47,12.3,19.1,311
2/11/2018 12:03,10.6,10.5,10.6,69,69,70,28.47,28.47,28.47,9.7,14.5,307
2/11/2018 12:04,10.6,10.6,10.6,69,69,69,28.47,28.47,28.47,13.2,19.6,284
2/11/2018 12:05,10.6,10.5,10.6,68,69,69,28.47,28.47,28.47,13,15.5,283
2/11/2018 12:06,10.5,10.5,10.5,68,69,69,28.47,28.47,28.47,13.2,19.1,276
2/11/2018 12:07,10.5,10.5,10.5,69,69,69,28.47,28.47,28.47,13.3,17,285
2/11/2018 12:08,10.5,10.5,10.5,69,69,69,28.47,28.47,28.47,14.2,16.6,295
2/11/2018 12:09,10.4,10.4,10.5,69,69,69,28.47,28.47,28.47,11.5,14.9,295
2/11/2018 12:10,10.4,10.4,10.4,69,69,69,28.47,28.48,28.47,15.6,19.6,291
2/11/2018 12:11,10.3,10.3,10.4,68,69,69,28.47,28.48,28.47,13.6,23.3,281
2/11/2018 12:12,10.2,10.1,10.3,68,69,69,28.47,28.47,28.47,10.2,13,289
2/11/2018 12:13,10.1,10.1,10.1,69,69,69,28.47,28.47,28.47,13.3,21.1,288
2/11/2018 12:14,10.1,10,10.1,69,69,69,28.47,28.47,28.47,13.7,18.1,291
2/11/2018 12:15,10,10,10,69,69,69,28.47,28.47,28.47,12.5,16.6,286
2/11/2018 12:16,10,10,10,69,69,69,28.47,28.47,28.47,12.7,15.9,287
2/11/2018 12:17,9.9,9.9,10,69,69,69,28.47,28.47,28.47,10.2,14.6,288
2/11/2018 12:18,9.9,9.9,9.9,69,69,69,28.47,28.47,28.47,11.3,14.5,282
2/11/2018 12:19,9.9,9.9,10,69,69,69,28.47,28.47,28.47,9.3,14,271
2/11/2018 12:20,10,10,10,69,69,69,28.47,28.48,28.47,7.7,10.5,283
2/11/2018 12:21,10,10,10,68,69,69,28.47,28.48,28.47,11.1,14.1,293
2/11/2018 12:22,10,10,10,69,69,69,28.47,28.47,28.47,12.5,18.6,286
2/11/2018 12:23,10,10,10,69,69,69,28.48,28.48,28.47,10.8,14,290
2/11/2018 12:24,10,10,10,68,69,69,28.48,28.48,28.48,8.5,17.6,281
2/11/2018 12:25,10.1,10,10.1,69,69,69,28.48,28.48,28.48,11.7,15.9,289
2/11/2018 12:26,10.1,10.1,10.1,69,69,69,28.47,28.48,28.47,12.9,16.3,283
2/11/2018 12:27,10.2,10.1,10.3,69,69,69,28.47,28.48,28.47,10.8,14.5,282
2/11/2018 12:28,10.3,10.3,10.4,69,69,69,28.48,28.48,28.48,12.5,15.4,284
2/11/2018 12:29,10.4,10.4,10.4,69,69,69,28.48,28.48,28.48,14.3,21.8,288
2/11/2018 12:30,10.4,10.4,10.4,69,69,69,28.48,28.48,28.48,14.6,19.1,283
2/11/2018 12:31,10.4,10.4,10.4,69,69,69,28.48,28.48,28.48,11.5,18.3,282
2/11/2018 12:32,10.4,10.4,10.5,69,69,69,28.48,28.48,28.48,14.7,18.6,284
2/11/2018 12:33,10.5,10.5,10.5,69,69,69,28.48,28.48,28.48,11.7,19.1,279
2/11/2018 12:34,10.5,10.5,10.5,69,69,69,28.48,28.48,28.48,10,18,286
2/11/2018 12:35,10.4,10.4,10.5,68,69,69,28.48,28.48,28.48,11.6,16.1,290
2/11/2018 12:36,10.4,10.4,10.5,68,69,69,28.48,28.48,28.48,13.4,18.1,289
2/11/2018 12:37,10.4,10.4,10.5,69,69,69,28.48,28.48,28.48,9.2,14.5,286
2/11/2018 12:38,10.4,10.4,10.4,68,69,69,28.48,28.48,28.48,11.9,18.6,291
2/11/2018 12:39,10.4,10.4,10.4,69,69,69,28.49,28.49,28.48,13.4,19.8,288
2/11/2018 12:40,10.4,10.4,10.4,69,69,69,28.49,28.49,28.49,13.2,19.8,284
2/11/2018 12:41,10.4,10.4,10.4,68,69,69,28.48,28.49,28.48,13.4,17.5,288
2/11/2018 12:42,10.4,10.4,10.4,68,69,69,28.49,28.49,28.48,11,17,278
2/11/2018 12:43,10.4,10.4,10.4,69,69,69,28.49,28.49,28.49,10.5,14.5,282
2/11/2018 12:44,10.4,10.4,10.4,69,69,69,28.49,28.49,28.49,8.2,14.1,278
2/11/2018 12:45,10.4,10.4,10.4,69,69,69,28.49,28.49,28.49,10.7,16.1,284
2/11/2018 12:46,10.4,10.4,10.4,69,69,69,28.49,28.49,28.49,11.9,18.3,298
2/11/2018 12:47,10.4,10.4,10.5,68,69,69,28.49,28.49,28.49,13.1,20.3,281
2/11/2018 12:48,10.5,10.5,10.5,68,69,69,28.49,28.49,28.49,11.2,14.5,289
2/11/2018 12:49,10.5,10.5,10.5,68,69,69,28.48,28.49,28.48,13.1,17.3,288
2/11/2018 12:50,10.5,10.5,10.5,69,69,69,28.49,28.49,28.48,12,17.5,280
2/11/2018 12:51,10.5,10.5,10.5,68,69,69,28.49,28.49,28.49,9.1,12.4,281
2/11/2018 12:52,10.6,10.5,10.6,69,69,69,28.49,28.49,28.49,7.9,13,294
2/11/2018 12:53,10.7,10.6,10.8,69,69,69,28.49,28.49,28.49,8.2,12,304
2/11/2018 12:54,10.8,10.8,10.9,69,69,69,28.49,28.49,28.49,11.1,15.1,314
2/11/2018 12:55,10.9,10.9,11,68,68,69,28.49,28.49,28.49,12.5,17,296
2/11/2018 12:56,11,11,11,68,68,68,28.49,28.49,28.49,12.5,16.8,299
2/11/2018 12:57,11.1,11,11.1,67,68,68,28.49,28.49,28.49,13.3,17.6,307
2/11/2018 12:58,11.1,11.1,11.1,68,68,68,28.49,28.49,28.49,11.7,16.6,310
2/11/2018 12:59,11.2,11.1,11.3,67,68,68,28.49,28.5,28.49,12.5,15.9,298
2/11/2018 13:00,11.3,11.3,11.4,67,68,68,28.49,28.5,28.49,11.6,15.1,298
2/11/2018 13:01,11.4,11.4,11.4,67,68,68,28.49,28.49,28.49,9.5,13.8,297
2/11/2018 13:02,11.4,11.4,11.5,68,68,68,28.49,28.49,28.49,10.5,16.8,280
2/11/2018 13:03,11.5,11.5,11.5,68,68,68,28.49,28.49,28.49,12.1,16.3,287
2/11/2018 13:04,11.5,11.5,11.5,67,67,68,28.49,28.49,28.49,11.5,15.9,286
2/11/2018 13:05,11.5,11.5,11.5,67,67,67,28.49,28.49,28.49,9.5,13.3,282
2/11/2018 13:06,11.6,11.5,11.6,66,67,67,28.49,28.49,28.49,12.4,20.5,281
2/11/2018 13:07,11.6,11.6,11.6,67,67,67,28.49,28.49,28.49,13.2,18,293
2/11/2018 13:08,11.7,11.6,11.8,66,67,67,28.5,28.5,28.49,11.8,14,277
2/11/2018 13:09,11.8,11.8,11.8,67,67,67,28.5,28.5,28.5,14.4,20.1,291
2/11/2018 13:10,11.8,11.8,11.9,66,66,67,28.5,28.5,28.5,12.5,17.5,274
2/11/2018 13:11,11.9,11.9,11.9,66,66,66,28.5,28.5,28.5,7.7,11.1,278
2/11/2018 13:12,11.9,11.9,11.9,66,66,66,28.5,28.5,28.5,9.9,14.1,294
2/11/2018 13:13,11.9,11.9,12,65,66,66,28.5,28.5,28.5,10.2,16.1,312
2/11/2018 13:14,12,12,12,65,66,66,28.5,28.5,28.5,11.5,15.9,300
2/11/2018 13:15,12,12,12,65,65,66,28.5,28.5,28.5,10.4,16.1,305
2/11/2018 13:16,12,12,12,64,65,65,28.5,28.5,28.5,9.1,11.4,296
2/11/2018 13:17,12,12,12,65,65,65,28.5,28.5,28.5,11.9,17.5,294
2/11/2018 13:18,12,12,12,65,65,65,28.5,28.5,28.5,11.2,16.1,285
2/11/2018 13:19,12,12,12,65,65,65,28.5,28.5,28.5,15.2,19.8,288
2/11/2018 13:20,12,12,12,65,65,65,28.5,28.5,28.5,11,14.9,290
2/11/2018 13:21,12,12,12,65,65,65,28.5,28.51,28.5,9.1,15.1,301
2/11/2018 13:22,12,12,12,64,64,65,28.5,28.51,28.51,10.2,14.9,287
2/11/2018 13:23,12.1,12,12.1,64,64,64,28.5,28.51,28.5,13.9,20.8,292
2/11/2018 13:24,12.1,12,12.1,64,64,64,28.5,28.5,28.5,13.2,20.1,289
2/11/2018 13:25,12.1,12,12.1,64,64,64,28.5,28.5,28.5,11.5,15.4,285
2/11/2018 13:26,12.1,12,12.1,64,64,64,28.5,28.51,28.5,8.5,14,274
2/11/2018 13:27,12,12,12,64,64,64,28.5,28.51,28.51,10.1,14.9,293
2/11/2018 13:28,12.1,12,12.1,63,64,64,28.51,28.51,28.51,9.9,15.1,276
2/11/2018 13:29,12.1,12.1,12.1,63,63,64,28.51,28.51,28.51,11.6,16.8,306
2/11/2018 13:30,12.1,12,12.1,62,63,63,28.5,28.51,28.51,11.4,19.3,311
2/11/2018 13:31,12,12,12,62,63,63,28.51,28.51,28.51,8.9,14.1,310
2/11/2018 13:32,12.1,12,12.1,63,63,63,28.51,28.51,28.51,11.2,15.5,294
2/11/2018 13:33,12.1,12,12.1,62,63,63,28.51,28.51,28.51,8.6,13.8,281
2/11/2018 13:34,12.1,12,12.1,63,63,63,28.51,28.51,28.51,7.7,12,305
2/11/2018 13:35,12.1,12.1,12.1,62,63,63,28.51,28.51,28.51,10.5,14.5,294
2/11/2018 13:36,12.1,12.1,12.1,63,63,63,28.51,28.51,28.51,10.2,14,295
2/11/2018 13:37,12.1,12.1,12.1,63,63,63,28.51,28.51,28.51,13.5,18.1,283
2/11/2018 13:38,12.2,12.1,12.3,63,63,63,28.51,28.51,28.51,12,18.6,282
2/11/2018 13:39,12.3,12.3,12.3,63,63,63,28.51,28.51,28.51,13,17.5,285
2/11/2018 13:40,12.3,12.3,12.3,63,63,63,28.51,28.51,28.51,13.4,19.1,282
2/11/2018 13:41,12.3,12.3,12.4,63,63,63,28.51,28.51,28.5,13.3,20.1,286
2/11/2018 13:42,12.4,12.4,12.4,63,63,63,28.51,28.51,28.5,11.9,15.1,285
2/11/2018 13:43,12.4,12.4,12.4,63,63,63,28.51,28.51,28.51,16.3,19.8,294
2/11/2018 13:44,12.4,12.4,12.4,63,63,63,28.52,28.52,28.51,12.8,17.5,283
2/11/2018 13:45,12.4,12.4,12.4,62,63,63,28.52,28.52,28.52,9.2,13.3,282
2/11/2018 13:46,12.4,12.4,12.5,63,63,63,28.52,28.52,28.52,10.8,16.1,289
2/11/2018 13:47,12.5,12.5,12.5,62,63,63,28.52,28.52,28.51,11.4,16.1,285
2/11/2018 13:48,12.5,12.5,12.5,63,63,63,28.51,28.51,28.51,8.9,14.1,285
2/11/2018 13:49,12.5,12.5,12.5,63,63,63,28.52,28.52,28.51,10.5,14.6,295
2/11/2018 13:50,12.5,12.5,12.5,62,63,63,28.52,28.52,28.52,11,14.1,294
2/11/2018 13:51,12.5,12.5,12.5,63,63,63,28.51,28.52,28.51,10.7,13.5,297
2/11/2018 13:52,12.4,12.4,12.5,63,63,63,28.52,28.52,28.51,12.1,17.3,287
2/11/2018 13:53,12.4,12.4,12.4,63,63,63,28.52,28.52,28.51,9.3,14.1,272
2/11/2018 13:54,12.4,12.4,12.4,63,63,63,28.52,28.52,28.51,10.3,16.8,289
2/11/2018 13:55,12.4,12.4,12.4,62,63,63,28.52,28.52,28.52,9.8,16.8,281
2/11/2018 13:56,12.4,12.4,12.4,62,63,63,28.52,28.52,28.52,8.1,12,267
2/11/2018 13:57,12.3,12.3,12.4,63,63,63,28.52,28.52,28.52,9.2,13.8,274
2/11/2018 13:58,12.3,12.3,12.3,63,63,63,28.52,28.52,28.52,12.8,18.8,284
2/11/2018 13:59,12.2,12.1,12.3,63,63,63,28.52,28.52,28.52,12.4,20.1,286
2/11/2018 14:00,12.1,12.1,12.1,63,63,63,28.52,28.52,28.52,12.3,18.6,281
2/11/2018 14:01,12.1,12.1,12.1,63,63,63,28.52,28.52,28.52,12.1,20.1,286
2/11/2018 14:02,12.1,12.1,12.1,63,63,64,28.52,28.52,28.52,13.6,20.1,287
2/11/2018 14:03,12.1,12.1,12.1,64,64,64,28.52,28.52,28.52,13.2,21.1,292
2/11/2018 14:04,12.1,12.1,12.1,63,63,64,28.52,28.52,28.52,12.4,16.3,281
2/11/2018 14:05,12.1,12.1,12.1,62,63,63,28.52,28.52,28.52,14.4,18.8,284
2/11/2018 14:06,12.1,12.1,12.1,63,63,63,28.52,28.52,28.52,12.5,20.3,286
2/11/2018 14:07,12.1,12.1,12.1,62,63,63,28.52,28.52,28.52,8.4,12,283
2/11/2018 14:08,12.2,12.1,12.3,63,63,63,28.52,28.52,28.52,11.1,19.1,286
2/11/2018 14:09,12.3,12.3,12.3,63,63,63,28.53,28.53,28.52,12.1,15.4,295
2/11/2018 14:10,12.3,12.3,12.3,63,63,63,28.53,28.53,28.52,13.4,18.8,276
2/11/2018 14:11,12.3,12.3,12.3,63,63,63,28.53,28.53,28.52,15,20.1,291
2/11/2018 14:12,12.3,12.3,12.4,62,62,63,28.53,28.53,28.53,13.5,18.8,286
2/11/2018 14:13,12.4,12.4,12.4,61,62,62,28.53,28.53,28.53,10.8,16.6,279
2/11/2018 14:14,12.4,12.4,12.4,62,62,62,28.53,28.53,28.53,12.3,17,280
2/11/2018 14:15,12.4,12.4,12.5,62,62,62,28.53,28.53,28.53,11.8,16.8,283
2/11/2018 14:16,12.5,12.5,12.5,62,62,62,28.53,28.53,28.53,10.4,15.9,310
2/11/2018 14:17,12.5,12.5,12.5,62,62,62,28.53,28.53,28.53,10.3,15.9,309
2/11/2018 14:18,12.5,12.5,12.5,62,62,62,28.53,28.53,28.53,10.4,14.5,292
2/11/2018 14:19,12.6,12.5,12.6,62,62,62,28.54,28.54,28.53,10.3,14.9,279
2/11/2018 14:20,12.6,12.6,12.6,61,62,62,28.54,28.54,28.53,11.6,17.5,294
2/11/2018 14:21,12.6,12.6,12.6,62,62,62,28.54,28.54,28.53,13.6,21.5,291
2/11/2018 14:22,12.6,12.6,12.6,62,62,62,28.54,28.54,28.54,10.7,15.9,295
2/11/2018 14:23,12.6,12.6,12.6,61,62,62,28.54,28.54,28.54,11,15.9,293
2/11/2018 14:24,12.6,12.6,12.6,62,62,62,28.53,28.54,28.53,14.1,17,292
2/11/2018 14:25,12.7,12.6,12.8,61,62,62,28.54,28.54,28.53,11.7,17.5,290
2/11/2018 14:26,12.8,12.8,12.8,62,62,62,28.54,28.54,28.54,12.1,16.1,299
2/11/2018 14:27,12.8,12.8,12.8,62,62,62,28.54,28.54,28.53,12.2,17.5,292
2/11/2018 14:28,12.8,12.8,12.8,62,62,62,28.54,28.54,28.53,12.2,17.5,294
2/11/2018 14:29,12.8,12.8,12.8,61,62,62,28.54,28.54,28.54,15.1,20.1,301
2/11/2018 14:30,12.8,12.8,12.9,61,61,62,28.54,28.54,28.54,13,17.5,287
2/11/2018 14:31,12.9,12.9,12.9,61,61,61,28.54,28.54,28.54,12.7,18.6,284
2/11/2018 14:32,12.9,12.9,12.9,61,61,61,28.54,28.54,28.54,9.7,14.5,284
2/11/2018 14:33,12.9,12.9,12.9,60,61,61,28.54,28.54,28.54,11.7,15.1,294
2/11/2018 14:34,12.9,12.9,13,61,61,61,28.54,28.54,28.54,8.9,12.4,291
2/11/2018 14:35,13,13,13,61,61,61,28.54,28.54,28.54,11.5,19.1,281
2/11/2018 14:36,13,13,13,61,61,61,28.55,28.55,28.54,15.3,21,293
2/11/2018 14:37,13,13,13,60,61,61,28.55,28.55,28.55,13.2,19.3,289
2/11/2018 14:38,13,13,13,60,61,61,28.55,28.55,28.55,8.6,14.6,286
2/11/2018 14:39,13,13,13,60,61,61,28.55,28.55,28.55,7.9,10.5,282
2/11/2018 14:40,13,13,13,61,61,61,28.55,28.55,28.55,9.1,14,281
2/11/2018 14:41,13,13,13,61,61,61,28.55,28.56,28.55,12.9,18,289
2/11/2018 14:42,13,13,13,60,61,61,28.55,28.56,28.55,10.9,18.1,283
2/11/2018 14:43,13,13,13,60,61,61,28.56,28.56,28.55,13.6,21.8,285
2/11/2018 14:44,13,13,13,60,61,61,28.56,28.56,28.56,15.5,19.8,288
2/11/2018 14:45,13,13,13,60,60,61,28.55,28.56,28.55,15.3,18.8,291
2/11/2018 14:46,12.9,12.9,13,59,60,60,28.56,28.56,28.55,7.9,15.1,273
2/11/2018 14:47,12.9,12.9,12.9,60,60,60,28.56,28.56,28.56,10.7,18,278
2/11/2018 14:48,12.9,12.9,12.9,59,60,60,28.56,28.56,28.56,10.3,15.4,279
2/11/2018 14:49,12.8,12.8,12.9,60,60,60,28.56,28.56,28.56,13.8,20.3,291
2/11/2018 14:50,12.8,12.8,12.8,60,60,60,28.56,28.56,28.56,12.4,16.3,287
2/11/2018 14:51,12.7,12.6,12.8,59,60,60,28.56,28.56,28.56,11.7,17.6,285
2/11/2018 14:52,12.6,12.5,12.6,59,60,60,28.56,28.56,28.56,10.5,17.6,290
2/11/2018 14:53,12.5,12.5,12.5,59,60,60,28.56,28.56,28.56,12.8,18.3,289
2/11/2018 14:54,12.5,12.5,12.5,59,60,60,28.56,28.56,28.56,16.6,22.3,287
2/11/2018 14:55,12.5,12.5,12.5,59,60,60,28.56,28.56,28.56,11.7,18.1,276
2/11/2018 14:56,12.5,12.5,12.5,60,60,60,28.56,28.56,28.56,17.2,22.6,290
2/11/2018 14:57,12.5,12.5,12.5,60,60,60,28.56,28.56,28.56,15.1,20.5,286
2/11/2018 14:58,12.4,12.4,12.5,60,60,60,28.56,28.56,28.56,13.4,19.1,298
2/11/2018 14:59,12.4,12.4,12.4,60,60,60,28.56,28.56,28.56,12.8,17.5,299
2/11/2018 15:00,12.4,12.4,12.4,59,60,60,28.56,28.56,28.56,10.9,15.5,289
2/11/2018 15:01,12.4,12.4,12.4,59,60,60,28.56,28.56,28.56,11.4,16.1,288
2/11/2018 15:02,12.4,12.4,12.4,60,60,60,28.56,28.56,28.56,9.6,14.6,271
2/11/2018 15:03,12.3,12.3,12.4,59,60,60,28.56,28.56,28.56,7.6,12,272
2/11/2018 15:04,12.3,12.3,12.3,59,60,60,28.56,28.56,28.56,8.4,10.6,281
2/11/2018 15:05,12.3,12.3,12.3,59,60,60,28.56,28.56,28.56,8.9,17,289
2/11/2018 15:06,12.3,12.3,12.3,60,60,60,28.56,28.56,28.56,13.2,18.8,282
2/11/2018 15:07,12.3,12.3,12.3,60,60,60,28.57,28.57,28.56,9.6,11.9,283
2/11/2018 15:08,12.3,12.3,12.4,59,60,60,28.57,28.57,28.56,11.4,15.1,278
2/11/2018 15:09,12.4,12.4,12.4,60,60,60,28.57,28.57,28.56,10.1,17.5,279
2/11/2018 15:10,12.4,12.4,12.4,60,60,60,28.57,28.57,28.57,11.1,14.9,277
2/11/2018 15:11,12.4,12.4,12.5,59,59,60,28.57,28.57,28.57,11.5,17.5,288
2/11/2018 15:12,12.5,12.5,12.5,58,59,59,28.57,28.57,28.57,12.1,20.3,270
2/11/2018 15:13,12.5,12.5,12.5,59,59,59,28.57,28.57,28.56,10.8,15.5,301
2/11/2018 15:14,12.5,12.5,12.5,59,59,59,28.57,28.57,28.56,11.7,18.3,278
2/11/2018 15:15,12.5,12.5,12.5,59,59,59,28.57,28.57,28.57,12.7,18.3,288
2/11/2018 15:16,12.5,12.5,12.5,59,59,59,28.57,28.57,28.57,14.2,17.5,283
2/11/2018 15:17,12.5,12.5,12.5,58,59,59,28.56,28.57,28.56,14.3,19.6,294
2/11/2018 15:18,12.5,12.5,12.5,59,59,59,28.57,28.57,28.56,8.9,15.5,283
2/11/2018 15:19,12.4,12.4,12.5,59,59,59,28.57,28.57,28.57,12.6,17,289
2/11/2018 15:20,12.4,12.4,12.4,58,58,59,28.57,28.57,28.57,14.4,17.5,290
2/11/2018 15:21,12.3,12.3,12.4,58,58,58,28.57,28.57,28.57,9.8,13.5,282
2/11/2018 15:22,12.3,12.3,12.3,57,58,58,28.58,28.58,28.57,10.7,14.9,298
2/11/2018 15:23,12.3,12.3,12.3,57,58,58,28.58,28.58,28.58,13,19.1,291
2/11/2018 15:24,12.2,12.1,12.3,57,58,58,28.58,28.58,28.58,14.8,18.3,283
2/11/2018 15:25,12.1,12.1,12.1,58,58,58,28.57,28.58,28.57,15.2,20.8,283
2/11/2018 15:26,12.1,12.1,12.1,57,58,58,28.57,28.58,28.57,10.1,16.3,296
2/11/2018 15:27,12.1,12.1,12.1,57,58,58,28.58,28.58,28.58,10.2,14.5,298
2/11/2018 15:28,12.1,12,12.1,58,58,58,28.58,28.58,28.58,10.9,14.5,298
2/11/2018 15:29,12,12,12,57,57,58,28.58,28.58,28.58,14.3,21.8,299
2/11/2018 15:30,12,12,12,57,57,57,28.57,28.58,28.57,16.4,24.5,309
2/11/2018 15:31,12,12,12,57,57,57,28.57,28.58,28.57,11,15.9,299
2/11/2018 15:32,12,12,12,56,57,57,28.58,28.58,28.58,9.3,12,301
2/11/2018 15:33,12,12,12,57,57,57,28.58,28.58,28.58,13.6,21.6,291
2/11/2018 15:34,12,12,12,56,56,57,28.58,28.59,28.58,11.3,16.3,279
2/11/2018 15:35,12,12,12,56,56,56,28.58,28.59,28.58,13,20.1,291
2/11/2018 15:36,12,12,12,55,56,56,28.58,28.58,28.58,15.6,27.5,300
2/11/2018 15:37,12,12,12,56,56,56,28.58,28.58,28.58,15.4,27.5,289
2/11/2018 15:38,12,12,12,56,56,56,28.58,28.58,28.58,12.8,16.3,290
2/11/2018 15:39,12,12,12,55,56,56,28.59,28.59,28.58,11.4,14.6,290
2/11/2018 15:40,11.9,11.9,12,56,56,56,28.59,28.59,28.59,10.8,14.1,279
2/11/2018 15:41,11.9,11.9,11.9,55,56,56,28.59,28.59,28.59,7.9,10.5,261
2/11/2018 15:42,11.9,11.9,11.9,56,56,56,28.59,28.59,28.59,11.4,18,279
2/11/2018 15:43,11.9,11.9,11.9,55,56,56,28.59,28.59,28.59,13.1,21.1,280
2/11/2018 15:44,11.9,11.9,11.9,55,56,56,28.58,28.59,28.58,14.4,20.1,298
2/11/2018 15:45,11.9,11.9,11.9,56,56,56,28.59,28.59,28.58,14.9,20.8,288
2/11/2018 15:46,11.9,11.9,11.9,56,56,56,28.59,28.59,28.58,15.9,21,285
2/11/2018 15:47,11.8,11.8,11.9,55,56,56,28.59,28.59,28.58,15,19.6,294
2/11/2018 15:48,11.8,11.8,11.8,56,56,56,28.59,28.59,28.59,15.7,21.8,296
2/11/2018 15:49,11.8,11.8,11.8,56,56,56,28.58,28.59,28.58,19.1,23.8,286
2/11/2018 15:50,11.8,11.8,11.8,56,56,56,28.59,28.59,28.58,14.3,24.5,288
2/11/2018 15:51,11.7,11.6,11.8,55,56,56,28.59,28.59,28.59,12.1,17.3,286
2/11/2018 15:52,11.6,11.6,11.6,55,55,56,28.59,28.59,28.59,16.6,21.8,291
2/11/2018 15:53,11.6,11.6,11.6,54,55,55,28.59,28.59,28.59,18.8,24.6,291
2/11/2018 15:54,11.6,11.5,11.6,55,55,55,28.59,28.59,28.59,15.7,21.6,301
2/11/2018 15:55,11.5,11.5,11.5,54,55,55,28.59,28.59,28.59,14,16.6,294
2/11/2018 15:56,11.5,11.5,11.5,55,55,55,28.59,28.6,28.59,13.6,18,294
2/11/2018 15:57,11.5,11.5,11.5,54,54,55,28.6,28.6,28.6,11.9,18.1,290
2/11/2018 15:58,11.4,11.4,11.5,54,54,54,28.6,28.6,28.6,10.2,16.6,286
2/11/2018 15:59,11.4,11.4,11.4,53,54,54,28.6,28.6,28.6,15.3,21.1,268
2/11/2018 16:00,11.4,11.4,11.4,54,54,54,28.6,28.6,28.59,15.1,22.6,286
2/11/2018 16:01,11.4,11.4,11.4,53,54,54,28.6,28.6,28.59,16,27.3,288
2/11/2018 16:02,11.3,11.3,11.4,54,54,54,28.6,28.6,28.6,13.1,20.1,274
2/11/2018 16:03,11.3,11.3,11.3,54,54,54,28.6,28.61,28.6,11.2,18.8,287
2/11/2018 16:04,11.3,11.3,11.3,53,53,54,28.6,28.61,28.6,14.5,21.1,288
2/11/2018 16:05,11.2,11.1,11.3,53,53,53,28.6,28.61,28.6,14.4,21,284
2/11/2018 16:06,11.1,11,11.1,53,53,53,28.6,28.61,28.6,13.8,20.1,291
2/11/2018 16:07,11,11,11,52,53,53,28.61,28.61,28.6,14,19.8,289
2/11/2018 16:08,11,11,11,53,53,53,28.6,28.61,28.6,15.7,19.8,287
2/11/2018 16:09,11,11,11,53,53,53,28.6,28.61,28.6,11.6,17,288
2/11/2018 16:10,10.9,10.9,11,53,53,53,28.61,28.61,28.61,13.5,21.1,287
2/11/2018 16:11,10.9,10.9,10.9,53,53,53,28.61,28.61,28.61,15.3,21,304
2/11/2018 16:12,10.8,10.8,10.9,53,53,53,28.61,28.61,28.61,12.6,17.3,300
2/11/2018 16:13,10.7,10.6,10.8,53,53,53,28.61,28.61,28.61,14.7,20.1,289
2/11/2018 16:14,10.6,10.6,10.6,53,53,53,28.6,28.61,28.6,17.3,22.6,294
2/11/2018 16:15,10.6,10.5,10.6,53,53,53,28.6,28.61,28.6,13.3,16.6,295
2/11/2018 16:16,10.5,10.5,10.5,53,53,53,28.61,28.61,28.61,16.3,26.8,286
2/11/2018 16:17,10.5,10.5,10.5,53,53,53,28.61,28.61,28.61,17.4,24.8,291
2/11/2018 16:18,10.5,10.5,10.5,53,53,53,28.61,28.61,28.61,16.4,22.6,300
2/11/2018 16:19,10.5,10.5,10.5,53,53,53,28.61,28.61,28.61,17.9,28,293
2/11/2018 16:20,10.4,10.4,10.5,52,53,53,28.61,28.61,28.61,16.4,20.3,295
2/11/2018 16:21,10.4,10.4,10.4,52,53,53,28.61,28.61,28.61,13.9,21.5,291
2/11/2018 16:22,10.3,10.3,10.4,53,53,53,28.61,28.61,28.61,11.4,16.6,287
2/11/2018 16:23,10.3,10.3,10.3,52,53,53,28.61,28.61,28.61,13.3,21.5,302
2/11/2018 16:24,10.2,10.1,10.3,52,53,53,28.61,28.61,28.6,16.7,24.8,290
2/11/2018 16:25,10.1,10.1,10.1,52,53,53,28.61,28.61,28.6,14.7,21.6,287
2/11/2018 16:26,10.1,10.1,10.1,53,53,53,28.61,28.61,28.61,12.2,16.6,303
2/11/2018 16:27,10.1,10,10.1,53,53,53,28.61,28.61,28.61,11,15.1,303
2/11/2018 16:28,10,10,10,53,53,53,28.61,28.61,28.61,16.6,23.1,299
2/11/2018 16:29,10,10,10,53,53,53,28.61,28.61,28.61,12.7,20.5,302
2/11/2018 16:30,10,10,10,53,53,53,28.61,28.61,28.61,14.4,18.8,296
2/11/2018 16:31,10,10,10,52,53,53,28.61,28.61,28.61,16.5,28.1,298
2/11/2018 16:32,10,10,10,53,53,53,28.61,28.62,28.61,13.3,19.6,301
2/11/2018 16:33,9.9,9.9,10,52,53,53,28.62,28.62,28.61,14.4,20.5,295
2/11/2018 16:34,9.9,9.9,9.9,52,53,53,28.61,28.61,28.61,10,13.8,284
2/11/2018 16:35,9.9,9.9,9.9,53,53,54,28.62,28.62,28.61,12.5,17.6,288
2/11/2018 16:36,9.8,9.8,9.9,53,54,54,28.62,28.62,28.62,13.2,21.6,293
2/11/2018 16:37,9.8,9.8,9.8,54,54,54,28.62,28.62,28.62,14.8,18.8,286
2/11/2018 16:38,9.7,9.6,9.8,54,54,54,28.62,28.62,28.62,12.4,17.6,288
2/11/2018 16:39,9.6,9.6,9.6,54,54,54,28.62,28.62,28.62,11.4,17.5,290
2/11/2018 16:40,9.6,9.6,9.6,54,54,54,28.62,28.62,28.62,14.7,23.3,295
2/11/2018 16:41,9.6,9.5,9.6,54,54,54,28.62,28.62,28.61,14.1,20.3,299
2/11/2018 16:42,9.5,9.5,9.5,54,54,54,28.61,28.61,28.61,16.7,22.8,287
2/11/2018 16:43,9.5,9.5,9.5,53,54,54,28.62,28.62,28.61,16.3,22.6,302
2/11/2018 16:44,9.5,9.5,9.5,53,54,54,28.62,28.63,28.62,16,24.1,295
2/11/2018 16:45,9.4,9.4,9.5,54,54,54,28.63,28.63,28.63,17.1,23.1,298
2/11/2018 16:46,9.3,9.3,9.4,54,54,55,28.63,28.63,28.63,13.7,18.6,281
2/11/2018 16:47,9.2,9.1,9.3,55,55,55,28.62,28.63,28.62,13.5,19.1,283
2/11/2018 16:48,9.1,9.1,9.1,55,55,55,28.63,28.63,28.62,15.3,21.1,302
2/11/2018 16:49,9,9,9.1,55,55,55,28.63,28.63,28.63,14.7,21,302
2/11/2018 16:50,8.9,8.9,9,54,55,55,28.62,28.63,28.62,15.6,24,297
2/11/2018 16:51,8.9,8.9,8.9,55,55,56,28.62,28.62,28.62,14.4,18.8,289
2/11/2018 16:52,8.8,8.8,8.9,56,56,56,28.63,28.63,28.62,15.4,19.8,294
2/11/2018 16:53,8.7,8.6,8.8,56,56,56,28.63,28.63,28.63,11.5,14.9,294
2/11/2018 16:54,8.6,8.5,8.6,56,56,56,28.63,28.63,28.63,11.7,15.1,296
2/11/2018 16:55,8.5,8.5,8.5,56,56,57,28.63,28.64,28.63,11.4,17.6,313
2/11/2018 16:56,8.5,8.5,8.5,57,57,57,28.63,28.64,28.63,8.3,11.9,304
2/11/2018 16:57,8.4,8.4,8.5,56,57,57,28.63,28.63,28.63,13.8,20.1,300
2/11/2018 16:58,8.3,8.3,8.4,56,57,57,28.63,28.63,28.63,15.4,18.8,298
2/11/2018 16:59,8.3,8.3,8.3,57,57,58,28.63,28.64,28.63,14.1,21.5,303
2/11/2018 17:00,8.2,8.1,8.3,57,58,58,28.63,28.64,28.64,14.9,23.3,306
2/11/2018 17:01,8.1,8.1,8.1,57,58,58,28.63,28.64,28.64,14,18,307
2/11/2018 17:02,8.1,8,8.1,58,58,58,28.64,28.64,28.64,11.9,15.9,300
2/11/2018 17:03,8,8,8,58,58,58,28.63,28.64,28.63,13.1,19.6,296
2/11/2018 17:04,7.9,7.9,8,57,58,58,28.63,28.64,28.63,16.8,21.6,294
2/11/2018 17:05,7.8,7.7,7.9,58,58,58,28.64,28.64,28.64,15,19.8,296
2/11/2018 17:06,7.7,7.7,7.7,58,58,59,28.64,28.64,28.64,14.6,19.8,286
2/11/2018 17:07,7.7,7.7,7.7,59,59,59,28.64,28.64,28.64,11.1,14.9,285
2/11/2018 17:08,7.6,7.5,7.7,58,59,59,28.64,28.64,28.64,9.2,12.8,290
2/11/2018 17:09,7.5,7.5,7.5,59,59,59,28.63,28.64,28.63,14.7,22.1,282
2/11/2018 17:10,7.4,7.4,7.5,59,59,59,28.63,28.64,28.63,15.2,21.6,287
2/11/2018 17:11,7.3,7.2,7.4,58,59,59,28.63,28.64,28.64,16.1,23.1,293
2/11/2018 17:12,7.2,7.2,7.2,59,59,59,28.64,28.64,28.64,15.7,20.5,289
2/11/2018 17:13,7,7,7.2,59,59,59,28.64,28.64,28.64,15.3,22.1,307
2/11/2018 17:14,6.9,6.9,7,59,59,59,28.64,28.65,28.64,13.4,19.6,279
2/11/2018 17:15,6.8,6.7,6.9,59,59,59,28.64,28.65,28.64,12.9,16.1,298
2/11/2018 17:16,6.7,6.7,6.7,58,59,59,28.64,28.64,28.64,11.8,17.6,294
2/11/2018 17:17,6.6,6.5,6.7,58,59,59,28.65,28.65,28.64,10.5,13.5,283
2/11/2018 17:18,6.5,6.5,6.5,59,59,59,28.65,28.65,28.65,11.3,15.9,282
2/11/2018 17:19,6.4,6.4,6.5,59,59,59,28.64,28.65,28.64,13.4,19.8,292
2/11/2018 17:20,6.3,6.2,6.4,59,59,59,28.64,28.65,28.64,11.8,16.6,284
2/11/2018 17:21,6.2,6.2,6.2,59,59,59,28.65,28.65,28.65,14.3,22.6,293
2/11/2018 17:22,6.2,6.2,6.2,58,59,59,28.64,28.65,28.64,13.9,20.5,278
2/11/2018 17:23,6.1,6,6.2,59,59,60,28.65,28.65,28.64,11.6,17.3,286
2/11/2018 17:24,6,6,6,60,60,60,28.65,28.65,28.65,16.7,23.8,287
2/11/2018 17:25,5.9,5.9,6,60,60,60,28.65,28.65,28.65,17.1,19.8,294
2/11/2018 17:26,5.9,5.9,5.9,60,60,60,28.64,28.65,28.64,14.9,21,297
2/11/2018 17:27,5.8,5.7,5.9,60,60,60,28.65,28.65,28.64,12.8,18.6,290
2/11/2018 17:28,5.7,5.7,5.7,59,60,60,28.65,28.65,28.65,12.8,16.1,291
2/11/2018 17:29,5.6,5.5,5.7,59,60,60,28.65,28.65,28.65,10.9,18.6,297
2/11/2018 17:30,5.5,5.5,5.5,60,60,61,28.65,28.65,28.65,11.6,18.6,291
2/11/2018 17:31,5.5,5.5,5.5,61,61,61,28.65,28.65,28.65,12.2,20.5,283
2/11/2018 17:32,5.4,5.4,5.5,61,61,61,28.65,28.66,28.65,14.2,21.5,292
2/11/2018 17:33,5.3,5.2,5.4,61,61,61,28.65,28.66,28.66,11.2,18.8,290
2/11/2018 17:34,5.2,5.2,5.2,60,61,61,28.66,28.66,28.66,11.1,17.5,286
2/11/2018 17:35,5.2,5.2,5.2,60,61,61,28.66,28.66,28.66,9.7,12.8,286
2/11/2018 17:36,5.1,5,5.2,61,61,61,28.66,28.66,28.66,9.2,14.5,289
2/11/2018 17:37,5,5,5,61,61,61,28.66,28.66,28.66,9.2,14.5,300
2/11/2018 17:38,5,5,5,61,61,62,28.66,28.66,28.66,12,18.6,288
2/11/2018 17:39,5,5,5,62,62,62,28.66,28.66,28.66,10.6,15.4,296
2/11/2018 17:40,5,5,5,61,62,62,28.66,28.66,28.66,10.6,13.8,288
2/11/2018 17:41,4.9,4.9,5,61,62,62,28.66,28.66,28.66,11.1,14.6,300
2/11/2018 17:42,4.9,4.9,4.9,61,62,62,28.66,28.66,28.66,12.1,15.1,298
2/11/2018 17:43,4.8,4.7,4.9,62,62,62,28.66,28.66,28.66,11.2,14.9,294
2/11/2018 17:44,4.7,4.7,4.7,62,62,62,28.66,28.66,28.66,9.8,12.8,293
2/11/2018 17:45,4.7,4.7,4.7,62,62,62,28.67,28.67,28.66,9.1,12,291
2/11/2018 17:46,4.6,4.5,4.7,61,62,62,28.67,28.67,28.67,7.4,10.3,294
2/11/2018 17:47,4.5,4.5,4.5,62,62,63,28.67,28.67,28.66,9.6,12.8,291
2/11/2018 17:48,4.5,4.5,4.5,62,63,63,28.67,28.67,28.66,10.6,18.1,291
2/11/2018 17:49,4.4,4.4,4.5,63,63,63,28.67,28.67,28.67,13,17.5,289
2/11/2018 17:50,4.3,4.2,4.4,63,63,63,28.67,28.67,28.67,13.7,18,294
2/11/2018 17:51,4.2,4.2,4.2,63,63,63,28.67,28.67,28.67,9.4,14.6,288
2/11/2018 17:52,4.1,4,4.2,62,63,63,28.68,28.68,28.67,12.1,16.8,299
2/11/2018 17:53,4,4,4,63,63,63,28.68,28.68,28.68,10.3,13.5,288
2/11/2018 17:54,4,4,4,63,63,63,28.67,28.68,28.67,11.5,14.5,285
2/11/2018 17:55,4,4,4,63,63,63,28.68,28.68,28.67,7.5,9.5,312
2/11/2018 17:56,3.9,3.8,4,63,63,63,28.68,28.68,28.68,7.2,9.8,287
2/11/2018 17:57,3.8,3.8,3.8,62,63,63,28.68,28.68,28.68,7.9,11.9,298
2/11/2018 17:58,3.8,3.8,3.8,62,63,63,28.68,28.68,28.68,10.8,16.3,289
2/11/2018 17:59,3.8,3.7,3.8,62,63,63,28.68,28.68,28.68,9.6,13.5,281
2/11/2018 18:00,3.7,3.7,3.7,62,63,63,28.68,28.68,28.68,14.1,17.6,288
2/11/2018 18:01,3.7,3.7,3.7,62,63,63,28.68,28.68,28.68,11.9,14.5,288
2/11/2018 18:02,3.7,3.7,3.7,63,63,64,28.68,28.68,28.68,11.6,16.1,298
2/11/2018 18:03,3.6,3.6,3.7,64,64,64,28.68,28.68,28.68,10.4,14.5,287
2/11/2018 18:04,3.6,3.6,3.6,64,64,64,28.68,28.68,28.68,10.3,14.5,290
2/11/2018 18:05,3.5,3.5,3.6,64,64,64,28.68,28.68,28.68,10.8,13.5,292
2/11/2018 18:06,3.5,3.5,3.5,63,64,64,28.68,28.68,28.68,9.9,14,291
2/11/2018 18:07,3.5,3.5,3.5,63,64,64,28.68,28.68,28.68,8.3,10.6,293
2/11/2018 18:08,3.4,3.3,3.5,63,64,64,28.68,28.68,28.68,8.2,11.1,295
2/11/2018 18:09,3.3,3.2,3.3,63,64,64,28.68,28.68,28.68,9.4,13.5,288
2/11/2018 18:10,3.2,3.2,3.2,63,64,64,28.69,28.68,28.68,8.3,10.5,286
2/11/2018 18:11,3.2,3.2,3.2,64,64,65,28.68,28.68,28.68,12.3,15.4,286
2/11/2018 18:12,3.2,3.2,3.2,65,65,65,28.68,28.68,28.68,9.9,13.8,284
2/11/2018 18:13,3.2,3.2,3.2,64,65,65,28.68,28.68,28.68,10.3,14.6,281
2/11/2018 18:14,3.1,3.1,3.2,65,65,65,28.69,28.68,28.68,8.4,10.6,287
2/11/2018 18:15,3.1,3.1,3.1,65,65,65,28.69,28.69,28.68,8.4,11.9,285
2/11/2018 18:16,3,3,3.1,64,65,65,28.69,28.69,28.68,10.8,15.1,282
2/11/2018 18:17,2.9,2.8,3,65,65,65,28.69,28.69,28.68,11.3,14.5,279
2/11/2018 18:18,2.8,2.8,2.8,65,65,65,28.68,28.69,28.68,10.4,13.8,287
2/11/2018 18:19,2.8,2.8,2.8,65,65,65,28.68,28.68,28.68,10.4,14,279
2/11/2018 18:20,2.8,2.8,2.8,65,65,65,28.69,28.69,28.68,9.5,13.5,293
2/11/2018 18:21,2.8,2.7,2.8,65,65,65,28.69,28.69,28.69,10.3,12.4,284
2/11/2018 18:22,2.7,2.7,2.7,65,65,65,28.69,28.69,28.69,10.3,14.1,280
2/11/2018 18:23,2.7,2.7,2.7,65,65,66,28.69,28.69,28.69,10.4,13.8,286
2/11/2018 18:24,2.7,2.7,2.7,66,66,66,28.69,28.69,28.69,10.1,13.3,286
2/11/2018 18:25,2.7,2.7,2.7,65,66,66,28.69,28.69,28.69,9.8,13.3,282
2/11/2018 18:26,2.7,2.7,2.7,66,66,66,28.7,28.7,28.69,10.9,15.4,281
2/11/2018 18:27,2.6,2.6,2.7,65,66,66,28.7,28.7,28.7,8.4,11.1,281
2/11/2018 18:28,2.6,2.6,2.6,66,66,66,28.7,28.7,28.7,9.8,12.4,292
2/11/2018 18:29,2.5,2.5,2.6,66,66,66,28.7,28.7,28.7,8.8,12,288
2/11/2018 18:30,2.5,2.5,2.5,66,66,66,28.7,28.7,28.7,8.8,13,285
2/11/2018 18:31,2.5,2.5,2.5,66,66,66,28.7,28.71,28.7,9.4,12.8,285
2/11/2018 18:32,2.4,2.3,2.5,66,66,66,28.7,28.71,28.7,8.5,11.4,285
2/11/2018 18:33,2.3,2.3,2.3,66,66,66,28.7,28.7,28.7,9.9,13.8,279
2/11/2018 18:34,2.3,2.2,2.3,65,66,66,28.7,28.71,28.7,8.2,10.5,285
2/11/2018 18:35,2.2,2.2,2.2,65,66,66,28.71,28.71,28.71,7.7,11.4,283
2/11/2018 18:36,2.2,2.2,2.2,66,66,66,28.71,28.71,28.71,8.9,12.8,285
2/11/2018 18:37,2.2,2.2,2.2,65,66,66,28.71,28.71,28.71,9.4,14.1,284
2/11/2018 18:38,2.2,2.2,2.2,65,66,66,28.71,28.71,28.71,8.6,12.5,283
2/11/2018 18:39,2.2,2.2,2.2,65,66,66,28.71,28.71,28.71,7.2,9.3,286
2/11/2018 18:40,2.2,2.2,2.2,65,66,66,28.71,28.71,28.71,7.7,10.6,285
2/11/2018 18:41,2.1,2.1,2.2,66,66,67,28.71,28.71,28.71,9.1,14,291
2/11/2018 18:42,2,2,2.1,67,67,67,28.71,28.71,28.71,10.2,13.8,286
2/11/2018 18:43,2,2,2,67,67,67,28.71,28.71,28.71,8.5,11,285
2/11/2018 18:44,2,2,2,67,67,67,28.71,28.71,28.71,9.6,13,281
2/11/2018 18:45,1.9,1.8,2,67,67,67,28.71,28.71,28.71,8.9,12.5,283
2/11/2018 18:46,1.8,1.8,1.8,67,67,67,28.71,28.71,28.71,7.2,10.6,283
2/11/2018 18:47,1.8,1.8,1.8,67,67,67,28.71,28.72,28.71,8.7,13,292
2/11/2018 18:48,1.7,1.8,1.8,66,67,67,28.72,28.72,28.71,8,11.9,281
2/11/2018 18:49,1.7,1.8,1.8,66,67,67,28.71,28.71,28.71,10.1,12.4,283
2/11/2018 18:50,1.7,1.6,1.8,67,67,67,28.71,28.71,28.71,9,12.4,290
2/11/2018 18:51,1.6,1.6,1.6,67,67,67,28.71,28.71,28.71,9.6,14,290
2/11/2018 18:52,1.6,1.6,1.6,67,67,68,28.71,28.71,28.71,8.5,10.5,285
2/11/2018 18:53,1.6,1.6,1.6,67,68,68,28.71,28.71,28.71,9,11.1,286
2/11/2018 18:54,1.6,1.6,1.6,68,68,68,28.71,28.71,28.71,9.1,13,279
2/11/2018 18:55,1.6,1.6,1.6,67,68,68,28.71,28.72,28.71,7.5,12.5,284
2/11/2018 18:56,1.6,1.6,1.6,68,68,68,28.71,28.72,28.71,8.6,10.5,283
2/11/2018 18:57,1.6,1.6,1.6,68,68,68,28.72,28.72,28.71,7.8,11,287
2/11/2018 18:58,1.5,1.5,1.6,68,68,68,28.72,28.72,28.72,7.8,11.1,279
2/11/2018 18:59,1.5,1.5,1.5,68,68,68,28.72,28.72,28.72,7.3,10.5,284
2/11/2018 19:00,1.4,1.3,1.5,68,68,69,28.72,28.72,28.72,7.4,10.5,284
2/11/2018 19:01,1.3,1.3,1.3,69,69,69,28.72,28.72,28.72,7.7,11.6,282
2/11/2018 19:02,1.3,1.3,1.3,69,69,69,28.72,28.72,28.72,7.9,12.8,287
2/11/2018 19:03,1.3,1.3,1.3,69,69,69,28.72,28.72,28.72,8.8,11.9,289
2/11/2018 19:04,1.3,1.3,1.3,69,69,69,28.72,28.72,28.72,4.8,9,274
2/11/2018 19:05,1.3,1.3,1.3,68,69,69,28.72,28.73,28.72,7.3,10,288
2/11/2018 19:06,1.3,1.3,1.3,68,69,69,28.72,28.73,28.72,7.2,9,274
2/11/2018 19:07,1.2,1.1,1.3,68,69,69,28.72,28.73,28.72,5.2,7.5,278
2/11/2018 19:08,1.1,1.1,1.1,68,69,69,28.72,28.73,28.72,7.3,10.3,295
2/11/2018 19:09,1.1,1.1,1.1,69,69,70,28.73,28.73,28.72,7,9.5,286
2/11/2018 19:10,1.1,1.1,1.1,70,70,70,28.73,28.73,28.73,7.3,12,281
2/11/2018 19:11,1.1,1.1,1.1,70,70,70,28.73,28.73,28.73,8.1,10.3,289
2/11/2018 19:12,1.1,1.1,1.1,69,70,70,28.73,28.73,28.73,7.3,10.3,277
2/11/2018 19:13,1.1,1.1,1.1,69,70,70,28.73,28.73,28.73,6.8,9.5,286
2/11/2018 19:14,1.1,1.1,1.1,69,70,70,28.73,28.73,28.73,7.2,10.3,287
2/11/2018 19:15,1,1,1.1,70,70,70,28.73,28.73,28.73,7,9.5,290
2/11/2018 19:16,1,1,1,69,70,70,28.73,28.73,28.73,7,10.5,286
2/11/2018 19:17,0.9,0.9,1,70,70,70,28.73,28.73,28.73,6.5,8.1,286
2/11/2018 19:18,0.9,0.9,0.9,70,70,70,28.73,28.73,28.73,7.2,10,295
2/11/2018 19:19,0.9,0.9,0.9,70,70,70,28.73,28.73,28.73,7.1,9.8,282
2/11/2018 19:20,0.8,0.8,0.9,70,70,71,28.73,28.73,28.73,7,9.8,287
2/11/2018 19:21,0.8,0.8,0.8,70,71,71,28.73,28.73,28.73,7.4,10.5,285
2/11/2018 19:22,0.8,0.8,0.8,70,71,71,28.73,28.73,28.73,6.5,8.5,282
2/11/2018 19:23,0.8,0.8,0.8,71,71,71,28.73,28.73,28.73,6.7,8.5,288
2/11/2018 19:24,0.7,0.6,0.8,70,71,71,28.73,28.73,28.73,7.9,11.4,286
2/11/2018 19:25,0.6,0.6,0.6,71,71,71,28.74,28.74,28.73,7.9,10.6,284
2/11/2018 19:26,0.6,0.6,0.6,71,71,71,28.74,28.74,28.74,7.7,10,285
2/11/2018 19:27,0.6,0.6,0.6,71,71,71,28.74,28.74,28.74,7.6,11.1,294
2/11/2018 19:28,0.6,0.5,0.6,71,71,71,28.74,28.74,28.74,7.7,11.1,279
2/11/2018 19:29,0.5,0.5,0.5,71,71,71,28.74,28.74,28.74,8.9,12,292
2/11/2018 19:30,0.5,0.5,0.5,71,71,71,28.74,28.74,28.74,6.5,8.1,278
2/11/2018 19:31,0.5,0.5,0.5,70,71,71,28.74,28.74,28.74,6.9,8.9,293
2/11/2018 19:32,0.5,0.5,0.5,71,71,71,28.74,28.74,28.74,7.1,9.3,285
2/11/2018 19:33,0.5,0.5,0.5,71,71,71,28.74,28.74,28.74,5.5,7.9,281
2/11/2018 19:34,0.5,0.5,0.5,71,71,72,28.74,28.74,28.74,7.4,9.5,295
2/11/2018 19:35,0.4,0.4,0.5,72,72,72,28.74,28.75,28.74,6.8,9.5,280
2/11/2018 19:36,0.3,0.2,0.4,72,72,72,28.75,28.75,28.75,5.8,7.7,278
2/11/2018 19:37,0.2,0.2,0.2,72,72,72,28.75,28.75,28.75,7.9,9.5,294
2/11/2018 19:38,0.2,0.2,0.2,71,72,72,28.75,28.75,28.75,6.8,9.3,297
2/11/2018 19:39,0.2,0.2,0.2,71,72,72,28.75,28.75,28.75,8.2,12.8,285
2/11/2018 19:40,0.2,0.2,0.2,71,72,72,28.75,28.75,28.75,7.2,8.9,286
2/11/2018 19:41,0.1,0.1,0.2,72,72,72,28.75,28.75,28.75,6.9,8.5,284
2/11/2018 19:42,0.1,0.1,0.1,71,72,72,28.75,28.75,28.75,9.8,11.9,283
2/11/2018 19:43,0,0,0.1,72,72,72,28.75,28.75,28.75,8.5,11.6,285
2/11/2018 19:44,0,0,0,72,72,72,28.75,28.75,28.75,6.9,10.3,289
2/11/2018 19:45,0,0,0,72,72,73,28.75,28.76,28.75,7.9,10.5,293
2/11/2018 19:46,0,0,0,73,73,73,28.76,28.76,28.76,8,10,285
2/11/2018 19:47,0,0,0,73,73,73,28.76,28.76,28.76,6.9,9,288
2/11/2018 19:48,0,0,0,73,73,73,28.76,28.76,28.76,6.2,7.7,292
2/11/2018 19:49,0,-0.1,0,72,73,73,28.75,28.76,28.75,7.5,8.9,290
2/11/2018 19:50,-0.1,-0.1,-0.1,73,73,73,28.76,28.76,28.75,7,8.4,289
2/11/2018 19:51,-0.1,-0.1,-0.1,72,73,73,28.76,28.76,28.76,7.7,9.5,288
2/11/2018 19:52,-0.1,-0.1,-0.1,72,73,73,28.76,28.76,28.76,6.9,9,289
2/11/2018 19:53,-0.1,-0.1,-0.1,72,73,73,28.76,28.76,28.76,7.1,9,291
2/11/2018 19:54,-0.1,-0.1,-0.1,73,73,73,28.76,28.76,28.76,7.9,10.6,292
2/11/2018 19:55,-0.1,-0.2,-0.1,73,73,73,28.76,28.76,28.76,8.2,11.1,285
2/11/2018 19:56,-0.2,-0.2,-0.2,73,73,73,28.76,28.76,28.76,7.4,9.8,291
2/11/2018 19:57,-0.2,-0.2,-0.2,73,73,73,28.76,28.77,28.76,7.9,9.5,284
2/11/2018 19:58,-0.2,-0.2,-0.2,73,73,73,28.76,28.77,28.76,9.6,13.8,284
2/11/2018 19:59,-0.2,-0.2,-0.2,73,73,74,28.76,28.76,28.76,9.7,11.9,285
2/11/2018 20:00,-0.2,-0.2,-0.2,73,74,74,28.76,28.77,28.76,8.7,13,290
2/11/2018 20:01,-0.3,-0.4,-0.2,73,74,74,28.76,28.77,28.77,9.5,13.5,292
2/11/2018 20:02,-0.4,-0.4,-0.4,74,74,74,28.77,28.77,28.77,9.4,13.3,291
2/11/2018 20:03,-0.4,-0.5,-0.4,73,74,74,28.77,28.77,28.77,9.1,12.5,284
2/11/2018 20:04,-0.5,-0.5,-0.5,73,74,74,28.77,28.77,28.77,10.4,13,285
2/11/2018 20:05,-0.5,-0.5,-0.5,74,74,74,28.77,28.77,28.77,10.3,13.3,295
2/11/2018 20:06,-0.5,-0.5,-0.5,74,74,74,28.76,28.77,28.77,9.5,12.5,288
2/11/2018 20:07,-0.5,-0.5,-0.5,73,74,74,28.77,28.77,28.77,9.1,11.4,291
2/11/2018 20:08,-0.5,-0.5,-0.5,74,74,74,28.77,28.77,28.77,8.5,11.4,285
2/11/2018 20:09,-0.6,-0.6,-0.5,74,74,74,28.77,28.77,28.77,10.1,13,287
2/11/2018 20:10,-0.6,-0.6,-0.6,74,74,74,28.77,28.77,28.77,9.6,14,283
2/11/2018 20:11,-0.7,-0.8,-0.6,74,74,74,28.77,28.77,28.77,9.1,12.4,285
2/11/2018 20:12,-0.8,-0.8,-0.8,74,74,74,28.77,28.77,28.77,8.5,11.6,300
2/11/2018 20:13,-0.8,-0.8,-0.8,74,74,74,28.77,28.77,28.77,9.5,13.3,290
2/11/2018 20:14,-0.8,-0.9,-0.8,73,74,74,28.77,28.77,28.77,7.3,8.9,286
2/11/2018 20:15,-0.8,-0.9,-0.8,74,74,74,28.77,28.77,28.77,6.6,9,280
2/11/2018 20:16,-0.8,-0.9,-0.8,73,74,74,28.77,28.77,28.77,6.3,8.9,292
2/11/2018 20:17,-0.9,-1,-0.9,74,74,74,28.77,28.77,28.77,8.2,11,284
2/11/2018 20:18,-1,-1,-1,73,74,74,28.77,28.77,28.77,9.2,11.9,286
2/11/2018 20:19,-1,-1,-1,74,74,74,28.77,28.78,28.77,8.2,12,287
2/11/2018 20:20,-1,-1.1,-1,74,74,74,28.77,28.78,28.77,9.5,12.4,286
2/11/2018 20:21,-1.1,-1.1,-1.1,74,74,75,28.77,28.78,28.77,10.3,14.5,295
2/11/2018 20:22,-1.1,-1.1,-1.1,74,75,75,28.78,28.78,28.78,8.5,11.4,291
2/11/2018 20:23,-1.2,-1.3,-1.1,75,75,75,28.77,28.78,28.77,8.6,11.1,284
2/11/2018 20:24,-1.3,-1.3,-1.3,75,75,75,28.77,28.77,28.77,11.8,17.5,287
2/11/2018 20:25,-1.4,-1.5,-1.3,75,75,75,28.77,28.78,28.77,9.2,12,294
2/11/2018 20:26,-1.5,-1.5,-1.5,74,75,75,28.78,28.78,28.78,9,12.5,288
2/11/2018 20:27,-1.5,-1.5,-1.5,75,75,75,28.78,28.78,28.78,9.2,12.5,284
2/11/2018 20:28,-1.5,-1.6,-1.5,75,75,75,28.78,28.78,28.78,8.5,11.1,295
2/11/2018 20:29,-1.6,-1.6,-1.6,75,75,75,28.78,28.78,28.78,9.1,11.4,289
2/11/2018 20:30,-1.6,-1.6,-1.6,74,75,75,28.78,28.78,28.78,8.6,14.1,288
2/11/2018 20:31,-1.6,-1.6,-1.6,75,75,75,28.78,28.78,28.78,13.8,19.3,284
2/11/2018 20:32,-1.6,-1.6,-1.6,75,75,75,28.78,28.78,28.78,10.6,15.9,284
2/11/2018 20:33,-1.7,-1.8,-1.6,75,75,75,28.78,28.78,28.78,8.8,12.4,286
2/11/2018 20:34,-1.8,-1.8,-1.8,74,75,75,28.78,28.78,28.78,8.5,12.4,286
2/11/2018 20:35,-1.8,-1.8,-1.8,74,75,75,28.78,28.79,28.78,9.1,12,285
2/11/2018 20:36,-1.8,-1.8,-1.8,75,75,75,28.78,28.79,28.79,8.7,11,286
2/11/2018 20:37,-1.8,-1.8,-1.8,74,75,75,28.79,28.79,28.79,7.4,10,289
2/11/2018 20:38,-1.8,-1.8,-1.8,75,75,75,28.79,28.79,28.79,7.3,9.5,292
2/11/2018 20:39,-1.9,-2,-1.8,74,75,75,28.79,28.79,28.79,9,10.5,290
2/11/2018 20:40,-2,-2,-2,75,75,75,28.79,28.79,28.79,7.6,10.6,287
2/11/2018 20:41,-2,-2.1,-2,74,75,75,28.79,28.79,28.79,7.9,10.3,279
2/11/2018 20:42,-2.1,-2.1,-2.1,74,75,75,28.79,28.79,28.79,8,11,286
2/11/2018 20:43,-2.1,-2.1,-2.1,75,75,75,28.79,28.79,28.79,10.1,13.3,279
2/11/2018 20:44,-2.1,-2.2,-2.1,75,75,75,28.79,28.79,28.79,11.6,16.1,293
2/11/2018 20:45,-2.2,-2.2,-2.2,74,75,75,28.79,28.79,28.79,11.3,15.4,279
2/11/2018 20:46,-2.2,-2.2,-2.2,75,75,76,28.79,28.79,28.79,9.9,14.1,299
2/11/2018 20:47,-2.2,-2.2,-2.2,76,76,76,28.79,28.8,28.79,9.5,13,293
2/11/2018 20:48,-2.2,-2.2,-2.2,76,76,76,28.8,28.8,28.79,8.6,13,295
2/11/2018 20:49,-2.2,-2.2,-2.2,76,76,76,28.79,28.79,28.79,11.2,13.5,301
2/11/2018 20:50,-2.2,-2.2,-2.2,75,76,76,28.8,28.8,28.79,10.4,13.5,287
2/11/2018 20:51,-2.3,-2.3,-2.2,76,76,76,28.8,28.8,28.8,9.7,13,291
2/11/2018 20:52,-2.3,-2.3,-2.3,75,76,76,28.8,28.8,28.79,8.1,11.9,302
2/11/2018 20:53,-2.3,-2.3,-2.3,75,76,76,28.8,28.8,28.79,10.2,16.1,289
2/11/2018 20:54,-2.3,-2.3,-2.3,76,76,76,28.8,28.8,28.8,11,14,286
2/11/2018 20:55,-2.4,-2.5,-2.3,75,76,76,28.8,28.8,28.8,12.4,14.9,288
2/11/2018 20:56,-2.5,-2.5,-2.5,76,76,76,28.8,28.8,28.8,9.9,13.3,279
2/11/2018 20:57,-2.5,-2.6,-2.5,75,76,76,28.8,28.8,28.8,8.3,11.6,284
2/11/2018 20:58,-2.6,-2.6,-2.6,76,76,76,28.8,28.8,28.8,9,11.6,290
2/11/2018 20:59,-2.6,-2.7,-2.6,75,76,76,28.8,28.8,28.8,10.2,14.1,287
2/11/2018 21:00,-2.7,-2.7,-2.7,76,76,76,28.8,28.8,28.8,9.7,12.8,284
2/11/2018 21:01,-2.7,-2.7,-2.7,75,76,76,28.8,28.8,28.8,10.6,13,283
2/11/2018 21:02,-2.7,-2.7,-2.7,76,76,76,28.8,28.8,28.8,11.6,14.9,279
2/11/2018 21:03,-2.7,-2.7,-2.7,76,76,76,28.81,28.81,28.8,9.7,12.4,287
2/11/2018 21:04,-2.8,-2.8,-2.7,76,76,76,28.81,28.81,28.81,10.8,12.8,301
2/11/2018 21:05,-2.8,-2.8,-2.8,76,76,76,28.81,28.81,28.81,9.8,12,288
2/11/2018 21:06,-2.8,-2.8,-2.8,75,76,76,28.81,28.81,28.81,8.8,11.4,276
2/11/2018 21:07,-2.8,-2.8,-2.8,76,76,76,28.81,28.81,28.81,8.6,11.6,288
2/11/2018 21:08,-2.9,-3,-2.8,75,76,76,28.81,28.82,28.81,7.9,11.6,285
2/11/2018 21:09,-3,-3,-3,75,76,76,28.81,28.82,28.82,9.6,14.6,291
2/11/2018 21:10,-3,-3,-3,76,76,77,28.81,28.82,28.81,8.8,11.1,287
2/11/2018 21:11,-3,-3,-3,77,77,77,28.81,28.82,28.81,8.2,10.6,289
2/11/2018 21:12,-3,-3.1,-3,76,77,77,28.82,28.82,28.82,9.3,14.1,295
2/11/2018 21:13,-3.1,-3.1,-3.1,77,77,77,28.82,28.82,28.82,9.2,13.3,288
2/11/2018 21:14,-3.1,-3.1,-3.1,76,77,77,28.82,28.82,28.82,9.9,13.3,282
2/11/2018 21:15,-3.1,-3.2,-3.1,77,77,77,28.82,28.82,28.82,9.9,14.6,285
2/11/2018 21:16,-3.2,-3.2,-3.2,76,77,77,28.82,28.82,28.82,10.5,13,290
2/11/2018 21:17,-3.2,-3.2,-3.2,76,77,77,28.82,28.82,28.82,10.8,14.1,284
2/11/2018 21:18,-3.2,-3.2,-3.2,77,77,77,28.82,28.82,28.82,8.4,11,279
2/11/2018 21:19,-3.2,-3.2,-3.2,76,77,77,28.82,28.82,28.82,8.9,12,284
2/11/2018 21:20,-3.2,-3.2,-3.2,76,77,77,28.82,28.82,28.82,7.7,10.5,285
2/11/2018 21:21,-3.2,-3.2,-3.2,76,77,77,28.82,28.82,28.82,9.2,15.5,292
2/11/2018 21:22,-3.2,-3.2,-3.2,77,77,77,28.82,28.82,28.82,12.6,15.1,289
2/11/2018 21:23,-3.2,-3.2,-3.2,76,77,77,28.82,28.82,28.82,10.5,16.1,283
2/11/2018 21:24,-3.2,-3.2,-3.2,77,77,77,28.82,28.82,28.82,10.5,15.5,284
2/11/2018 21:25,-3.2,-3.2,-3.2,77,77,77,28.82,28.82,28.82,11.2,18.1,295
2/11/2018 21:26,-3.3,-3.3,-3.2,77,77,77,28.83,28.83,28.82,7.6,10.5,275
2/11/2018 21:27,-3.4,-3.3,-3.3,77,77,77,28.83,28.83,28.83,8,11.4,285
2/11/2018 21:28,-3.3,-3.3,-3.3,76,77,77,28.83,28.83,28.83,8.5,12,286
2/11/2018 21:29,-3.3,-3.3,-3.3,77,77,77,28.83,28.83,28.83,9.4,13.3,284
2/11/2018 21:30,-3.4,-3.5,-3.3,76,77,77,28.83,28.83,28.83,9.9,12.8,288
2/11/2018 21:31,-3.5,-3.5,-3.5,77,77,77,28.83,28.83,28.83,12.6,17.6,285
2/11/2018 21:32,-3.5,-3.5,-3.5,76,77,77,28.83,28.83,28.83,9.9,12.8,285
2/11/2018 21:33,-3.5,-3.5,-3.5,76,77,77,28.83,28.83,28.83,11.1,15.9,294
2/11/2018 21:34,-3.5,-3.5,-3.5,77,77,77,28.83,28.84,28.83,8.1,11.1,285
2/11/2018 21:35,-3.5,-3.6,-3.5,77,77,77,28.84,28.84,28.84,7.5,9.3,289
2/11/2018 21:36,-3.6,-3.7,-3.6,77,77,77,28.84,28.84,28.84,9.1,12.5,292
2/11/2018 21:37,-3.7,-3.7,-3.7,76,77,77,28.83,28.84,28.83,7.3,9.5,281
2/11/2018 21:38,-3.7,-3.7,-3.7,76,77,77,28.84,28.84,28.83,8.5,10.6,281
2/11/2018 21:39,-3.7,-3.7,-3.7,77,77,77,28.84,28.84,28.84,8.4,11,282
2/11/2018 21:40,-3.7,-3.7,-3.7,76,77,77,28.84,28.84,28.84,7.9,11,283
2/11/2018 21:41,-3.7,-3.7,-3.7,76,77,77,28.84,28.84,28.84,7.8,10,282
2/11/2018 21:42,-3.7,-3.7,-3.7,77,77,77,28.84,28.84,28.84,7.3,9.8,286
2/11/2018 21:43,-3.7,-3.7,-3.7,77,77,77,28.84,28.84,28.84,8.7,11.4,292
2/11/2018 21:44,-3.8,-3.8,-3.7,77,77,77,28.84,28.84,28.84,7.7,10.6,293
2/11/2018 21:45,-3.8,-3.8,-3.8,77,77,77,28.84,28.84,28.84,6.9,9.5,282
2/11/2018 21:46,-3.9,-4,-3.8,77,77,77,28.84,28.84,28.84,8.9,11.6,286
2/11/2018 21:47,-4,-4,-4,77,77,77,28.84,28.84,28.84,9.4,13,282
2/11/2018 21:48,-4,-4,-4,77,77,77,28.85,28.85,28.84,7.8,10.6,287
2/11/2018 21:49,-4,-4,-4,77,77,77,28.85,28.85,28.84,8,9.8,286
2/11/2018 21:50,-4,-4,-4,77,77,78,28.85,28.85,28.84,7.9,10,279
2/11/2018 21:51,-4,-4,-4,78,78,78,28.85,28.85,28.85,7.8,12.4,281
2/11/2018 21:52,-4.1,-4.2,-4,78,78,78,28.85,28.85,28.84,7.5,8.9,285
2/11/2018 21:53,-4.2,-4.2,-4.2,78,78,78,28.85,28.85,28.84,9.6,12.4,283
2/11/2018 21:54,-4.2,-4.2,-4.2,78,78,78,28.85,28.85,28.85,8.7,11,286
2/11/2018 21:55,-4.2,-4.2,-4.2,78,78,78,28.85,28.85,28.85,6.8,9.3,289
2/11/2018 21:56,-4.2,-4.2,-4.2,78,78,78,28.85,28.85,28.85,7,13.5,287
2/11/2018 21:57,-4.2,-4.2,-4.2,77,78,78,28.85,28.85,28.85,8.8,12.4,295
2/11/2018 21:58,-4.2,-4.2,-4.2,78,78,78,28.85,28.85,28.85,6.7,9.8,297
2/11/2018 21:59,-4.2,-4.2,-4.2,78,78,78,28.85,28.85,28.85,6.6,8.5,289
2/11/2018 22:00,-4.2,-4.2,-4.2,78,78,78,28.85,28.85,28.85,7.4,9.5,288
2/11/2018 22:01,-4.2,-4.2,-4.2,78,78,78,28.85,28.85,28.85,5.3,6.5,291
2/11/2018 22:02,-4.3,-4.4,-4.2,78,78,78,28.85,28.85,28.85,8.2,11.6,295
2/11/2018 22:03,-4.4,-4.4,-4.4,78,78,78,28.85,28.85,28.85,9.5,12.5,289
2/11/2018 22:04,-4.4,-4.4,-4.4,77,78,78,28.85,28.85,28.85,7.4,11.1,297
2/11/2018 22:05,-4.4,-4.5,-4.4,78,78,78,28.85,28.86,28.85,9,10.5,290
2/11/2018 22:06,-4.5,-4.5,-4.5,77,78,78,28.85,28.86,28.85,9.5,13.3,296
2/11/2018 22:07,-4.5,-4.5,-4.5,77,78,78,28.85,28.85,28.85,9.3,14,291
2/11/2018 22:08,-4.5,-4.5,-4.5,78,78,78,28.85,28.85,28.85,9.7,13,280
2/11/2018 22:09,-4.6,-4.7,-4.5,78,78,78,28.85,28.86,28.85,8,11,285
2/11/2018 22:10,-4.7,-4.7,-4.7,77,78,78,28.86,28.86,28.86,8.6,11.6,288
2/11/2018 22:11,-4.7,-4.7,-4.7,77,78,78,28.86,28.86,28.86,9.7,13.3,288
2/11/2018 22:12,-4.7,-4.7,-4.7,77,78,78,28.86,28.86,28.86,8.5,15.1,292
2/11/2018 22:13,-4.7,-4.7,-4.7,78,78,78,28.86,28.86,28.86,6.5,8.4,289
2/11/2018 22:14,-4.7,-4.7,-4.7,77,78,78,28.86,28.86,28.86,7.3,11,299
2/11/2018 22:15,-4.7,-4.7,-4.7,78,78,78,28.86,28.86,28.86,8.7,12.5,286
2/11/2018 22:16,-4.7,-4.7,-4.7,78,78,78,28.86,28.86,28.86,10.4,13,283
2/11/2018 22:17,-4.7,-4.7,-4.7,78,78,78,28.86,28.86,28.86,9.5,11.9,291
2/11/2018 22:18,-4.7,-4.7,-4.7,78,78,78,28.86,28.86,28.86,7.8,10.3,284
2/11/2018 22:19,-4.7,-4.7,-4.7,78,78,78,28.86,28.86,28.86,8.9,11.4,284
2/11/2018 22:20,-4.7,-4.7,-4.7,77,78,78,28.86,28.86,28.86,9.2,11,277
2/11/2018 22:21,-4.7,-4.7,-4.7,78,78,78,28.86,28.86,28.86,7,8.1,294
2/11/2018 22:22,-4.7,-4.7,-4.7,77,78,78,28.86,28.86,28.86,9.8,13,288
2/11/2018 22:23,-4.8,-4.9,-4.7,77,78,78,28.86,28.86,28.86,9.6,13,289
2/11/2018 22:24,-4.9,-4.9,-4.9,78,78,78,28.87,28.87,28.86,7.1,10.5,285
2/11/2018 22:25,-4.9,-4.9,-4.9,77,78,78,28.87,28.87,28.86,7.1,9,288
2/11/2018 22:26,-4.9,-4.9,-4.9,77,78,78,28.87,28.86,28.86,8.5,11.6,297
2/11/2018 22:27,-4.9,-4.9,-4.9,77,78,78,28.87,28.87,28.86,10.7,14.9,289
2/11/2018 22:28,-4.9,-5,-4.9,78,78,78,28.87,28.87,28.87,8.7,12.8,294
2/11/2018 22:29,-5,-5,-5,77,78,78,28.87,28.87,28.87,8,9.8,294
2/11/2018 22:30,-5,-5,-5,78,78,78,28.87,28.87,28.87,9,11.6,294
2/11/2018 22:31,-5,-5,-5,77,78,78,28.87,28.87,28.87,8,9.8,294
2/11/2018 22:32,-5,-5,-5,78,78,78,28.87,28.87,28.87,7.6,9.5,288
2/11/2018 22:33,-5,-5,-5,77,78,78,28.87,28.87,28.87,8.6,11,290
2/11/2018 22:34,-5.1,-5.2,-5,78,78,78,28.88,28.88,28.87,8.7,12.5,291
2/11/2018 22:35,-5.2,-5.2,-5.2,78,78,78,28.88,28.88,28.87,7.4,11.9,286
2/11/2018 22:36,-5.2,-5.2,-5.2,78,78,78,28.87,28.87,28.87,7.3,13.3,282
2/11/2018 22:37,-5.2,-5.2,-5.2,78,78,78,28.87,28.87,28.87,10.3,13.8,282
2/11/2018 22:38,-5.2,-5.2,-5.2,78,78,78,28.88,28.88,28.87,7.6,9.5,281
2/11/2018 22:39,-5.2,-5.2,-5.2,78,78,78,28.88,28.88,28.88,7.8,10,294
2/11/2018 22:40,-5.2,-5.2,-5.2,77,78,78,28.88,28.88,28.88,6.6,9.5,296
2/11/2018 22:41,-5.2,-5.2,-5.2,77,78,78,28.88,28.88,28.88,7.1,10.3,289
2/11/2018 22:42,-5.2,-5.2,-5.2,77,78,78,28.88,28.88,28.88,7.9,11.9,284
2/11/2018 22:43,-5.2,-5.2,-5.2,78,78,78,28.88,28.88,28.88,8.6,11.1,291
2/11/2018 22:44,-5.3,-5.4,-5.2,78,78,78,28.88,28.88,28.88,6,7.5,291
2/11/2018 22:45,-5.4,-5.4,-5.4,78,78,78,28.88,28.88,28.88,8.2,11.1,289
2/11/2018 22:46,-5.4,-5.4,-5.4,78,78,78,28.88,28.88,28.88,8.8,12.4,285
2/11/2018 22:47,-5.4,-5.4,-5.4,78,78,78,28.88,28.88,28.88,8.2,11.1,291
2/11/2018 22:48,-5.4,-5.4,-5.4,78,78,78,28.88,28.88,28.88,11.1,14.6,286
2/11/2018 22:49,-5.4,-5.4,-5.4,77,78,78,28.88,28.88,28.88,8.1,11.1,295
2/11/2018 22:50,-5.4,-5.4,-5.4,78,78,78,28.88,28.88,28.88,8.7,11.4,299
2/11/2018 22:51,-5.4,-5.4,-5.4,78,78,78,28.88,28.89,28.88,7.7,10.6,288
2/11/2018 22:52,-5.4,-5.5,-5.4,78,78,78,28.89,28.89,28.89,7.3,10,293
2/11/2018 22:53,-5.5,-5.5,-5.5,78,78,79,28.89,28.89,28.89,8.5,13,299
2/11/2018 22:54,-5.5,-5.5,-5.5,78,79,79,28.89,28.89,28.89,7.4,9.5,290
2/11/2018 22:55,-5.5,-5.5,-5.5,78,79,79,28.89,28.89,28.89,5.9,8.9,297
2/11/2018 22:56,-5.5,-5.5,-5.5,78,79,79,28.89,28.89,28.89,6.9,9.5,297
2/11/2018 22:57,-5.5,-5.5,-5.5,79,79,79,28.89,28.89,28.89,8.3,10.6,289
2/11/2018 22:58,-5.5,-5.5,-5.5,78,79,79,28.89,28.89,28.89,6,7.7,299
2/11/2018 22:59,-5.6,-5.7,-5.5,78,79,79,28.89,28.89,28.89,7.5,11.6,294
2/11/2018 23:00,-5.7,-5.7,-5.7,78,79,79,28.89,28.89,28.89,7.2,9,305
2/11/2018 23:01,-5.7,-5.7,-5.7,79,79,79,28.89,28.89,28.89,5.1,7,289
2/11/2018 23:02,-5.7,-5.7,-5.7,78,79,79,28.89,28.89,28.89,6.2,9.5,298
2/11/2018 23:03,-5.7,-5.7,-5.7,78,79,79,28.89,28.89,28.89,8.5,13.3,290
2/11/2018 23:04,-5.7,-5.7,-5.7,79,79,79,28.89,28.89,28.89,7.4,9,305
2/11/2018 23:05,-5.7,-5.7,-5.7,78,79,79,28.89,28.89,28.89,8.2,11.4,297
2/11/2018 23:06,-5.7,-5.7,-5.7,79,79,79,28.89,28.89,28.89,5.8,8.5,295
2/11/2018 23:07,-5.7,-5.7,-5.7,78,79,79,28.89,28.89,28.89,5.9,8.1,292
2/11/2018 23:08,-5.8,-5.9,-5.7,79,79,79,28.89,28.89,28.89,5.5,8.1,311
2/11/2018 23:09,-5.9,-5.9,-5.9,79,79,79,28.89,28.89,28.89,7.1,10.5,289
2/11/2018 23:10,-5.9,-5.9,-5.9,79,79,79,28.89,28.89,28.89,6.3,8.9,296
2/11/2018 23:11,-5.9,-5.9,-5.9,78,79,79,28.89,28.89,28.89,7.4,11.1,290
2/11/2018 23:12,-5.9,-6,-5.9,79,79,79,28.9,28.9,28.89,6.7,8.5,301
2/11/2018 23:13,-6,-6,-6,79,79,79,28.9,28.9,28.9,6,7.9,291
2/11/2018 23:14,-6,-6,-6,79,79,79,28.9,28.9,28.89,5,6.5,292
2/11/2018 23:15,-6,-6,-6,78,79,79,28.89,28.89,28.89,5.9,8.1,298
2/11/2018 23:16,-6,-6,-6,78,79,79,28.9,28.9,28.89,6.1,8.1,294
2/11/2018 23:17,-6.1,-6.2,-6,78,79,79,28.9,28.9,28.9,6,7.2,287
2/11/2018 23:18,-6.2,-6.2,-6.2,79,79,79,28.9,28.9,28.9,4.7,7.5,298
2/11/2018 23:19,-6.2,-6.2,-6.2,78,79,79,28.9,28.9,28.9,6,10.6,292
2/11/2018 23:20,-6.2,-6.2,-6.2,78,79,79,28.9,28.9,28.9,5.9,8.4,291
2/11/2018 23:21,-6.2,-6.2,-6.2,79,79,79,28.9,28.9,28.9,5.4,8.1,294
2/11/2018 23:22,-6.3,-6.4,-6.2,78,79,79,28.9,28.9,28.9,5.7,7.9,288
2/11/2018 23:23,-6.4,-6.4,-6.4,79,79,79,28.91,28.91,28.9,5.1,6.2,287
2/11/2018 23:24,-6.4,-6.4,-6.4,78,79,79,28.91,28.91,28.91,4.7,6.2,283
2/11/2018 23:25,-6.4,-6.4,-6.4,79,79,79,28.91,28.91,28.91,5.1,6.2,285
2/11/2018 23:26,-6.4,-6.4,-6.4,79,79,79,28.91,28.91,28.91,4.4,5.7,277
2/11/2018 23:27,-6.4,-6.4,-6.4,79,79,79,28.91,28.91,28.91,4.9,6.7,289
2/11/2018 23:28,-6.4,-6.4,-6.4,79,79,79,28.91,28.91,28.91,4.4,7.2,286
2/11/2018 23:29,-6.4,-6.4,-6.4,79,79,79,28.91,28.91,28.91,5.5,8.4,283
2/11/2018 23:30,-6.4,-6.5,-6.4,78,79,79,28.91,28.91,28.91,4.6,6.7,277
2/11/2018 23:31,-6.5,-6.5,-6.5,79,79,79,28.91,28.91,28.91,4.7,6.2,279
2/11/2018 23:32,-6.5,-6.5,-6.5,79,79,79,28.91,28.91,28.91,4.8,8.4,289
2/11/2018 23:33,-6.5,-6.5,-6.5,79,79,79,28.91,28.91,28.91,4.8,8.4,294
2/11/2018 23:34,-6.5,-6.5,-6.5,79,79,79,28.91,28.91,28.91,5.3,8.5,285
2/11/2018 23:35,-6.5,-6.5,-6.5,79,79,79,28.91,28.92,28.91,6.3,8.4,279
2/11/2018 23:36,-6.5,-6.5,-6.5,78,79,79,28.91,28.92,28.92,5.6,7.5,285
2/11/2018 23:37,-6.5,-6.5,-6.5,79,79,79,28.91,28.92,28.92,4.5,6.5,292
2/11/2018 23:38,-6.6,-6.7,-6.5,79,79,79,28.91,28.92,28.92,3.5,4.4,274
2/11/2018 23:39,-6.7,-6.7,-6.7,79,79,79,28.92,28.92,28.92,5.4,6.5,288
2/11/2018 23:40,-6.7,-6.7,-6.7,78,79,79,28.92,28.92,28.92,4.1,6,290
2/11/2018 23:41,-6.7,-6.7,-6.7,78,79,79,28.92,28.92,28.92,3.4,4.7,288
2/11/2018 23:42,-6.7,-6.7,-6.7,79,79,79,28.92,28.92,28.92,4.1,6,284
2/11/2018 23:43,-6.7,-6.7,-6.7,79,79,79,28.92,28.92,28.92,5.6,7.2,288
2/11/2018 23:44,-6.7,-6.7,-6.7,79,79,79,28.92,28.92,28.92,4.6,5.7,287
2/11/2018 23:45,-6.7,-6.7,-6.7,79,79,79,28.92,28.92,28.92,5,6.2,288
2/11/2018 23:46,-6.7,-6.7,-6.7,78,79,79,28.92,28.92,28.92,4.9,6.7,286
2/11/2018 23:47,-6.7,-6.7,-6.7,78,79,79,28.92,28.92,28.92,5.9,7.9,287
2/11/2018 23:48,-6.7,-6.7,-6.7,79,79,79,28.92,28.92,28.92,5.1,6.2,292
2/11/2018 23:49,-6.8,-6.9,-6.7,79,79,79,28.93,28.93,28.92,4.8,6.2,292
2/11/2018 23:50,-6.9,-6.9,-6.9,78,79,79,28.93,28.93,28.92,4.6,5.7,282
2/11/2018 23:51,-6.9,-6.9,-6.9,78,79,79,28.93,28.93,28.92,5.4,7.5,288
2/11/2018 23:52,-6.9,-7,-6.9,79,79,79,28.93,28.93,28.92,5.5,7,287
2/11/2018 23:53,-7,-7,-7,79,79,79,28.93,28.93,28.92,5.4,7.2,276
2/11/2018 23:54,-7,-7,-7,78,79,79,28.93,28.93,28.93,4.5,6.5,293
2/11/2018 23:55,-7,-7,-7,78,79,79,28.93,28.93,28.93,5.9,7.5,299
2/11/2018 23:56,-7,-7,-7,78,79,79,28.93,28.93,28.93,4.1,5.5,285
2/11/2018 23:57,-7,-7,-7,79,79,79,28.93,28.93,28.93,5.2,7.9,284
2/11/2018 23:58,-7,-7,-7,78,79,79,28.93,28.93,28.93,5.4,9.3,284
2/11/2018 23:59,-7,-7,-7,79,79,79,28.93,28.93,28.93,5.7,7.5,287
2/12/2018 0:00,-7.1,-7.2,-7,78,79,79,28.93,28.93,28.93,6.4,8.9,290
